Date,Time,"Zugesagter virtueller Speicher [MB]","Virtueller Speicher verfügbar [MB]","Auslastung des virtuellen Speichers [%]","Verwendeter physischer Speicher [MB]","Physischer Speicher Verfügbar [MB]","Physische Speicherauslastung [%]","Verwendung von Auslagerungsdateien [%]","Core VIDs (avg) [V]","Core 0 VID [V]","Core 1 VID [V]","Core 2 VID [V]","Core 3 VID [V]","Kern Takte (avg) [MHz]","Core 0 Takt [MHz]","Core 1 Takt [MHz]","Core 2 Takt [MHz]","Core 3 Takt [MHz]","Bustakt [MHz]","Effektive Kerntakte (avg) [MHz]","Core 0 T0 Effektiver Takt [MHz]","Core 0 T1 Effektiver Takt [MHz]","Core 1 T0 Effektiver Takt [MHz]","Core 1 T1 Effektiver Takt [MHz]","Core 2 T0 Effektiver Takt [MHz]","Core 2 T1 Effektiver Takt [MHz]","Core 3 T0 Effektiver Takt [MHz]","Core 3 T1 Effektiver Takt [MHz]","Durchschnittlicher Effektiver Takt [MHz]","Kern Auslastung (avg) [%]","Core 0 T0 Auslastung [%]","Core 0 T1 Auslastung [%]","Core 1 T0 Auslastung [%]","Core 1 T1 Auslastung [%]","Core 2 T0 Auslastung [%]","Core 2 T1 Auslastung [%]","Core 3 T0 Auslastung [%]","Core 3 T1 Auslastung [%]","Maximale CPU-/Thread-Auslastung [%]","Gesamte CPU-Auslastung [%]","Kerntaktmultiplikatoren (avg) [x]","Core 0 Multiplikator [x]","Core 1 Multiplikator [x]","Core 2 Multiplikator [x]","Core 3 Multiplikator [x]","Package C6 Belegung [%]","Core C0 Belegung (avg) [%]","Core 0 C0 Belegung [%]","Core 1 C0 Belegung [%]","Core 2 C0 Belegung [%]","Core 3 C0 Belegung [%]","Core C1 Belegung (avg) [%]","Core 0 C1 Belegung [%]","Core 1 C1 Belegung [%]","Core 2 C1 Belegung [%]","Core 3 C1 Belegung [%]","Core C6 Belegung (avg) [%]","Core 0 C6 Belegung [%]","Core 1 C6 Belegung [%]","Core 2 C6 Belegung [%]","Core 3 C6 Belegung [%]","Speicher Takt [MHz]","Speichertaktmultiplikator [x]","Tcas [T]","Trcd [T]","Trp [T]","Tras [T]","Trc [T]","Trfc [T]","Command Rate [T]","CPU (Tctl/Tdie) [°C]","CPU-Gehäuse (Durchschnitt) [°C]","Kerntemperaturen (avg) [°C]","Core0 (Die1) [°C]","Core1 (Die1) [°C]","Core5 (Die1) [°C]","Core6 (Die1) [°C]","L3 Temperaturen (avg) [°C]","L3 Cache (Die1:CCX1) [°C]","L3 Cache (Die1:CCX2) [°C]","CPU-Kernspannung (SVI2 TFN) [V]","SoC Spannung (SVI2 TFN) [V]","CPU Core VID (Effective) [V]","CPU-Kernstrom (SVI2 TFN) [A]","SoC-Strom (SVI2 TFN) [A]","CPU TDC [A]","CPU-Gesamtleistungsaufnahme [W]","Kerne-Leistungsaufnahme (avg) [W]","Core 0 Energieverbrauch [W]","Core 1 Energieverbrauch [W]","Core 2 Energieverbrauch [W]","Core 3 Energieverbrauch [W]","CPU Kern-Leistungsaufnahme (SVI2 TFN) [W]","CPU-SoC-Leistungsaufnahme (SVI2 TFN) [W]","Core+SoC Energieverbrauch (SVI2 TFN) [W]","CPU PPT [W]","Infinity Fabric Takt (FCLK) [MHz]","Takt des Speichercontrollers (UCLK) [MHz]","L3 Takte (avg) [MHz]","L3 Cache (Die1:CCX1) [MHz]","L3 Cache (Die1:CCX2) [MHz]","CPU PPT Limit [%]","CPU-TDC-Limit [%]","Abweichung der Stromverbrauchsberichterstattung (Genauigkeit) [%]","Thermische Drosselung (HTC) [Yes/No]","Thermische Drosselung (PROCHOT CPU) [Yes/No]","Thermische Drosselung (PROCHOT EXT) [Yes/No]","System [°C]","CPU [°C]","VR MOS [°C]","PCH [°C]","CPU (PECI) [°C]","Vcore [V]","+5V [V]","+3.3V (AVCC) [V]","+3.3V (3VCC) [V]","+12V [V]","VIN4 [V]","3VSB [V]","VBAT [V]","CPU +1.8V [V]","VIN6 [V]","CPU NB/SoC [V]","DIMM [V]","VIN7 [V]","CPU [RPM]","System 1 [RPM]","System 2 [RPM]","System 3 [RPM]","Gehäuseeinbruch [Yes/No]","VDD Spannung [V]","NB Spannung [V]","VDD Strom [A]","NB Strom [A]","Scheibenluftstromtemperatur [°C]","Drive Remaining Life [%]","Festplattenfehler [Yes/No]","Festplattenwarnung [Yes/No]","Host-Schreibvorgänge insgesamt [GB]","Festplattentemperatur [°C]","Drive Remaining Life [%]","Festplattenfehler [Yes/No]","Festplattenwarnung [Yes/No]","Host-Schreibvorgänge insgesamt [GB]","Host-Lesevorgänge insgesamt [GB]","Festplattentemperatur [°C]","Scheibenluftstromtemperatur [°C]","Festplattenfehler [Yes/No]","Festplattenwarnung [Yes/No]","Host-Schreibvorgänge insgesamt [GB]","Host-Lesevorgänge insgesamt [GB]","Festplattentemperatur [°C]","Festplattentemperatur 2 [°C]","Drive Remaining Life [%]","Festplattenfehler [Yes/No]","Festplattenwarnung [Yes/No]","Host-Schreibvorgänge insgesamt [GB]","Host-Lesevorgänge insgesamt [GB]","Aktivität des Lesens [%]","Aktivität des Schreibens [%]","Gesamtaktivität [%]","Leserate [MB/s]","Schreibrate [MB/s]","Gesamt Lesen [MB]","Summe Geschreiben [MB]","Aktivität des Lesens [%]","Aktivität des Schreibens [%]","Gesamtaktivität [%]","Leserate [MB/s]","Schreibrate [MB/s]","Gesamt Lesen [MB]","Summe Geschreiben [MB]","Aktivität des Lesens [%]","Aktivität des Schreibens [%]","Gesamtaktivität [%]","Leserate [MB/s]","Schreibrate [MB/s]","Gesamt Lesen [MB]","Summe Geschreiben [MB]","Aktivität des Lesens [%]","Aktivität des Schreibens [%]","Gesamtaktivität [%]","Leserate [MB/s]","Schreibrate [MB/s]","Gesamt Lesen [MB]","Summe Geschreiben [MB]","GPU-Temperatur [°C]","GPU-Hot-Spot-Temperatur [°C]","GPU-Kernspannung [V]","GPU-Leitungsspannungen (avg) [V]","GPU PCIe +12V Eingang Spannung [V]","GPU 6-pin #1 Eingang Spannung [V]","GPU Lüfter [RPM]","GPU Energieverbrauch [W]","Leistungsaufnahme der GPU-Leitungen (avg) [W]","GPU Core (NVVDD) Eingang Energieverbrauch (sum) [W]","GPU PCIe +12V Eingang Energieverbrauch [W]","GPU 6-pin #1 Eingang Energieverbrauch [W]","GPU Core (NVVDD) Ausgabe Energieverbrauch [W]","GPU Core (NVVDD) Ausgabe Energieverbrauch [W]","GPU Takt [MHz]","GPU-Speichertakt [MHz]","GPU Video Takt [MHz]","GPU Effektiver Takt [MHz]","GPU-Kernlast [%]","Auslastung des GPU-Speichercontrollers [%]","GPU-Video-Engine-Last [%]","GPU-Buslast [%]","GPU-Speichernutzung [%]","GPU D3D Auslastungen (avg) [%]","GPU D3D-Nutzung [%]","GPU Video Decode 0 Auslastung [%]","GPU Video Encode 0 Auslastung [%]","GPU Computing (Compute_0) Auslastung [%]","GPU Computing (Cuda) Auslastung [%]","GPU Computing (Compute_1) Auslastung [%]","GPU VR Auslastung [%]","GPU Lüfter [%]","GPU Leistungsbegrenzer (avg) [Yes/No]","Leistungsgrenze - Energieverbrauch [Yes/No]","Leistungsgrenze - Thermal [Yes/No]","Leistungsgrenze - Zuverlässigkeitsspannung [Yes/No]","Leistungsgrenze - Max. Betriebsspannung [Yes/No]","Leistungsgrenze - Auslastung [Yes/No]","Leistungsgrenze - SLI GPUBoost Sync [Yes/No]","Total GPU Energieverbrauch (normalized) [% of TDP] [%]","Total GPU Energieverbrauch [% of TDP] [%]","Zugeteilter GPU-Speicher [MB]","GPU D3D-Speicher dediziert [MB]","GPU D3D-Speicher dynamisch [MB]","PCIe-Link-Geschwindigkeit [GT/s]","Bildrate [FPS]","Rahmenzeit [ms]","Gesamtzahl heruntergeladen [MB]","Gesamt hochgeladen [MB]","Aktuelle Downloadrate [KB/s]","Aktuelle Upload-Rate [KB/s]","Gesamtfehler []",
29.8.2022,14:55:44.859,19579,5581,77.8,11456,4882,70.1,9.1,1.350,1.350,1.350,1.350,1.350,3591.0,3591.0,3591.0,3591.0,3591.0,99.7,1810.2,2686.4,1552.6,1697.0,1620.0,1908.3,1417.4,1740.2,1859.2,1810.2,41.6,38.1,41.9,41.9,42.7,45.8,38.9,35.8,48.0,48.0,41.6,36.0,36.0,36.0,36.0,36.0,0.0,76.4,74.6,76.5,75.3,79.2,22.2,24.2,20.5,23.4,20.8,1.5,1.2,3.1,1.6,0.0,1596.0,16.00,16,18,18,38,75,560,1,64.9,64.7,61.6,61.5,62.5,61.9,60.3,54.7,55.1,54.4,1.337,1.125,1.363,21.257,12.715,26.818,60.332,8.583,8.284,8.614,8.171,9.262,35.896,17.219,53.115,60.326,1600.0,1596.0,3600.1,3600.1,3600.1,68.7,44.7,103.9,Nein,Nein,Nein,45.0,64.9,56.0,52.0,40.0,1.360,5.040,3.376,3.264,12.192,0.520,3.376,3.280,1.824,0.576,1.152,1.360,1.504,659,709,689,704,Nein,1.094,1.044,26.824,29.647,39,94.0,Nein,Nein,45964,43,100.0,Nein,Nein,2917,812,40,40,Nein,Nein,307599793,2567147457,59,82,99.0,Nein,Nein,15863,14658,0.0,0.0,0.0,0.000,0.000,2,0,0.0,0.0,0.0,0.000,0.000,110,3,0.0,0.0,0.0,0.000,0.000,45363,37191,0.5,0.0,0.5,0.377,0.168,239923,225752,52.6,60.6,0.625,12.208,12.192,12.224,1376,10.198,3.278,2.787,7.705,1.858,2.018,2.020,139.0,202.5,544.0,430.3,0.0,7.0,0.0,0.0,10.2,0.7,4.9,0.0,0.0,0.0,0.0,0.0,0.0,42,Ja,Nein,Nein,Nein,Nein,Ja,Nein,11.7,8.6,629,544,31,2.5,4,374.7,9114,303,0.518,0.071,0,
29.8.2022,14:55:46.924,19485,5676,77.4,11639,4699,71.2,8.3,1.336,1.331,1.337,1.337,1.337,3591.0,3591.0,3591.0,3591.0,3591.0,99.7,3080.0,3395.6,2915.2,3114.9,2923.3,3111.1,3029.8,3078.6,3071.6,3080.0,81.1,86.2,75.5,81.6,78.6,84.7,83.9,81.6,77.0,86.2,81.1,36.0,36.0,36.0,36.0,36.0,0.0,95.0,94.3,95.3,94.7,95.6,5.0,5.6,4.6,5.3,4.4,0.0,0.1,0.0,0.0,0.0,1596.0,16.00,16,18,18,38,75,560,1,76.5,67.6,65.5,65.2,66.7,66.3,63.7,56.7,57.3,56.2,1.337,1.125,1.369,28.196,13.756,37.002,75.535,11.834,11.371,11.753,12.038,12.174,49.344,17.842,67.185,75.516,1600.0,1596.0,3600.1,3600.1,3600.1,86.1,61.7,103.7,Nein,Nein,Nein,45.0,76.0,56.0,52.0,40.0,1.368,5.000,3.376,3.248,12.096,0.520,3.376,3.280,1.824,0.576,1.160,1.360,1.496,656,702,684,704,Nein,1.100,1.050,38.824,36.000,39,94.0,Nein,Nein,45964,43,100.0,Nein,Nein,2917,812,40,40,Nein,Nein,307599793,2567147457,59,82,99.0,Nein,Nein,15863,14658,0.0,0.0,0.0,0.000,0.000,2,0,0.0,0.0,0.0,0.000,0.000,110,3,0.0,0.0,0.0,0.000,0.000,45363,37191,16.0,11.4,27.4,36.606,1.375,239994,225755,54.0,62.0,0.831,12.092,12.016,12.168,1362,61.577,38.259,35.628,37.202,23.752,63.012,31.701,1835.0,2202.2,1645.0,748.7,71.0,39.0,0.0,2.0,16.6,4.0,27.8,0.0,0.0,0.0,0.0,0.0,0.0,41,Ja,Nein,Nein,Nein,Nein,Ja,Nein,60.6,53.9,1020,935,145,8.0,0,8.7,9114,303,0.964,0.873,0,
29.8.2022,14:55:49.164,19792,5368,78.6,11984,4354,73.3,8.3,1.328,1.325,1.331,1.325,1.331,3591.0,3591.0,3591.0,3591.0,3591.0,99.7,3429.4,3554.5,3368.9,3372.4,3381.9,3421.4,3411.7,3439.8,3484.7,3429.4,94.7,91.7,92.4,93.9,96.9,93.9,96.9,95.4,96.9,96.9,94.7,36.0,36.0,36.0,36.0,36.0,0.0,99.2,98.8,98.6,99.7,99.9,0.8,1.2,1.4,0.3,0.1,0.0,0.0,0.0,0.0,0.0,1596.0,16.00,16,18,18,38,75,560,1,73.4,70.0,68.1,67.7,69.4,68.8,66.5,57.7,58.5,56.8,1.325,1.125,1.369,31.803,14.846,41.178,82.993,13.245,12.476,13.179,13.427,13.900,54.783,18.591,73.374,83.286,1600.0,1596.0,3599.0,3599.0,3599.0,94.9,68.6,103.0,Nein,Nein,Nein,45.0,73.6,56.0,52.0,40.0,1.352,5.000,3.376,3.232,12.096,0.520,3.376,3.280,1.824,0.576,1.160,1.360,1.488,753,767,762,774,Nein,1.100,1.044,45.882,36.000,39,94.0,Nein,Nein,45964,43,100.0,Nein,Nein,2917,812,40,40,Nein,Nein,307599793,2567147457,59,82,99.0,Nein,Nein,15863,14658,0.0,0.0,0.0,0.000,0.000,2,0,0.0,0.0,0.0,0.000,0.000,110,3,0.0,0.0,0.0,0.000,0.000,45363,37191,1.7,0.2,2.0,1.526,0.947,239998,225757,57.3,65.3,1.044,12.080,12.016,12.144,1342,64.642,28.439,40.367,37.105,26.911,5.319,32.491,2100.5,2202.2,1885.5,2091.7,39.0,22.0,0.0,1.0,16.9,7.5,52.5,0.0,0.0,0.0,0.0,0.0,0.0,41,Nein,Nein,Nein,Nein,Nein,Nein,Nein,53.7,51.5,1036,952,147,8.0,67,14.5,9114,303,1.166,0.275,0,
29.8.2022,14:55:51.558,19899,5261,79.0,12022,4315,73.5,8.3,1.334,1.337,1.331,1.331,1.337,3591.0,3591.0,3591.0,3591.0,3591.0,99.7,3598.9,3599.9,3600.0,3600.0,3600.0,3595.4,3595.5,3600.1,3600.1,3598.9,100.0,100.0,100.0,100.0,100.0,100.0,100.0,100.0,100.0,100.0,100.0,36.0,36.0,36.0,36.0,36.0,0.0,100.0,100.0,100.0,100.0,100.0,0.0,0.0,0.0,0.0,0.0,0.0,0.0,0.0,0.0,0.0,1596.0,16.00,16,18,18,38,75,560,1,72.5,71.1,69.2,68.7,70.4,70.3,67.2,58.1,59.1,57.2,1.319,1.131,1.363,32.512,14.944,41.855,84.119,13.454,12.854,13.413,13.867,13.680,55.670,18.640,74.310,84.210,1600.0,1596.0,3599.9,3599.9,3599.9,96.0,69.8,102.9,Nein,Nein,Nein,45.0,72.5,56.0,52.0,40.0,1.368,5.000,3.376,3.248,12.000,0.512,3.376,3.280,1.824,0.576,1.160,1.360,1.496,953,776,761,769,Nein,1.094,1.050,46.588,33.176,39,94.0,Nein,Nein,45964,43,100.0,Nein,Nein,2917,812,40,40,Nein,Nein,307599793,2567147457,59,82,99.0,Nein,Nein,15863,14658,0.0,0.0,0.0,0.000,0.000,2,0,0.0,0.0,0.0,0.000,0.000,110,3,0.0,0.1,0.1,0.000,0.018,45363,37192,0.6,1.8,2.4,0.348,0.321,239998,225758,58.3,66.3,1.044,12.080,12.032,12.128,1340,61.364,25.969,36.238,36.577,24.159,5.561,27.308,2100.5,2202.2,1885.5,2092.0,45.0,26.0,0.0,2.0,16.9,6.4,44.7,0.0,0.0,0.0,0.0,0.0,0.0,41,Nein,Nein,Nein,Nein,Nein,Nein,Nein,49.5,36.7,1038,954,147,8.0,76,29.2,9114,303,2.190,0.549,0,
29.8.2022,14:55:54.144,19893,5267,79.0,12083,4255,73.9,8.3,1.334,1.331,1.344,1.331,1.331,3591.0,3591.0,3591.0,3591.0,3591.0,99.7,3599.2,3600.0,3600.1,3600.0,3600.0,3596.7,3596.7,3600.1,3600.1,3599.2,100.0,100.0,100.0,100.0,100.0,100.0,100.0,100.0,100.0,100.0,100.0,36.0,36.0,36.0,36.0,36.0,0.0,100.0,100.0,100.0,100.0,100.0,0.0,0.0,0.0,0.0,0.0,0.0,0.0,0.0,0.0,0.0,1596.0,16.00,16,18,18,38,75,560,1,72.4,71.4,69.4,69.2,70.4,70.7,67.1,58.0,59.0,56.9,1.325,1.131,1.369,32.753,14.826,41.999,84.139,13.539,13.125,13.473,13.974,13.582,55.869,18.551,74.419,84.152,1600.0,1596.0,3600.0,3600.0,3600.0,95.9,70.0,102.7,Nein,Nein,Nein,46.0,72.4,57.0,52.0,40.0,1.368,5.000,3.376,3.248,12.096,0.512,3.376,3.184,1.824,0.576,1.160,1.360,1.496,958,758,747,753,Nein,1.094,1.050,45.176,36.000,39,94.0,Nein,Nein,45964,43,100.0,Nein,Nein,2917,812,40,40,Nein,Nein,307599793,2567147457,59,82,99.0,Nein,Nein,15863,14658,0.0,0.0,0.0,0.000,0.000,2,0,0.0,0.0,0.0,0.000,0.000,110,3,0.0,0.0,0.0,0.000,0.003,45363,37192,0.1,0.4,0.5,0.256,0.269,239999,225758,58.4,66.4,1.063,12.044,11.960,12.128,1344,80.442,34.522,54.139,43.726,36.093,5.719,32.932,2100.5,2202.2,1885.5,2091.5,21.0,13.0,0.0,1.0,16.9,5.3,37.4,0.0,0.0,0.0,0.0,0.0,0.0,41,Nein,Nein,Nein,Nein,Nein,Nein,Nein,71.2,73.0,1040,956,147,8.0,67,12.4,9114,303,1.420,0.259,0,
29.8.2022,14:55:56.217,25845,13945,64.9,12702,3635,77.7,3.1,1.337,1.337,1.337,1.337,1.337,3591.0,3591.0,3591.0,3591.0,3591.0,99.7,3374.7,3571.6,3347.8,3391.9,3379.1,3320.0,3284.2,3338.4,3364.6,3374.7,90.5,90.7,88.9,93.2,94.4,89.5,87.1,87.7,92.6,94.4,90.5,36.0,36.0,36.0,36.0,36.0,0.0,99.3,99.2,99.3,99.2,99.6,0.7,0.8,0.7,0.8,0.4,0.0,0.0,0.0,0.0,0.0,1596.0,16.00,16,18,18,38,75,560,1,71.3,70.2,68.2,68.6,69.5,68.7,65.9,57.9,58.8,57.0,1.325,1.125,1.369,30.546,14.975,39.418,81.223,12.669,12.610,12.899,12.497,12.671,52.516,18.790,71.306,81.248,1600.0,1596.0,3600.0,3600.0,3600.0,92.6,65.7,103.0,Nein,Nein,Nein,45.0,71.3,57.0,52.0,40.0,1.368,5.000,3.376,3.248,12.096,0.512,3.376,3.280,1.824,0.576,1.160,1.360,1.496,960,755,747,752,Nein,1.094,1.050,40.941,32.471,39,94.0,Nein,Nein,45964,43,100.0,Nein,Nein,2917,812,40,40,Nein,Nein,307599793,2567147457,59,82,99.0,Nein,Nein,15863,14658,0.0,0.0,0.0,0.000,0.000,2,0,0.0,0.0,0.0,0.000,0.000,110,3,0.0,0.1,0.1,0.000,0.017,45363,37192,0.5,0.5,0.9,0.590,0.737,240000,225760,57.7,65.7,1.063,12.052,11.968,12.136,1344,89.092,36.206,62.185,47.010,41.457,5.604,24.772,2100.5,2202.2,1885.5,2092.3,65.0,19.0,0.0,21.0,89.8,3.9,24.6,0.0,0.0,0.0,2.4,0.0,0.0,41,Nein,Nein,Nein,Nein,Nein,Nein,Nein,76.6,74.6,5516,5623,155,8.0,14,8.3,9114,303,1.566,0.291,0,
29.8.2022,14:55:58.278,23186,16605,58.2,12093,4244,74.0,3.1,1.341,1.337,1.337,1.344,1.344,3591.0,3591.0,3591.0,3591.0,3591.0,99.7,3424.1,3568.2,3371.1,3442.0,3444.9,3373.5,3363.6,3408.5,3421.3,3424.1,91.1,87.2,89.4,94.7,93.9,91.7,89.4,91.7,90.9,94.7,91.1,36.0,36.0,36.0,36.0,36.0,0.0,96.5,99.1,99.5,87.8,99.7,3.5,0.9,0.5,12.2,0.3,0.0,0.0,0.0,0.0,0.0,1596.0,16.00,16,18,18,38,75,560,1,70.8,69.8,67.8,68.0,69.2,68.5,65.6,58.1,59.1,57.2,1.331,1.125,1.369,29.947,15.262,37.899,79.715,12.144,11.932,12.258,12.219,12.166,50.544,18.907,69.452,79.754,1600.0,1596.0,3600.1,3600.1,3600.1,90.9,63.2,103.5,Nein,Nein,Nein,45.0,71.0,57.0,52.0,40.0,1.368,5.000,3.376,3.232,12.000,0.504,3.376,3.280,1.824,0.576,1.160,1.360,1.488,930,736,725,736,Nein,1.094,1.044,43.059,36.000,39,94.0,Nein,Nein,45964,43,100.0,Nein,Nein,2917,812,40,40,Nein,Nein,307599793,2567147457,59,82,99.0,Nein,Nein,15863,14658,0.0,0.0,0.0,0.000,0.000,2,0,0.0,0.0,0.0,0.000,0.000,110,3,0.0,0.0,0.0,0.000,0.000,45363,37192,0.6,0.2,0.8,0.371,0.570,240001,225761,61.3,69.3,1.063,12.052,11.976,12.128,1338,82.918,37.950,56.614,44.551,37.742,6.235,44.609,2100.5,2202.2,1885.5,2088.6,86.0,49.0,0.0,2.0,18.9,9.6,66.9,0.0,0.0,0.0,0.5,0.0,0.0,41,Nein,Nein,Nein,Nein,Nein,Nein,Nein,59.1,84.8,967,2098,149,8.0,109,8.2,9114,303,2.263,0.532,0,
29.8.2022,14:56:0.332,20125,19665,50.5,12005,4333,73.4,3.1,1.337,1.337,1.337,1.337,1.337,3591.0,3591.0,3591.0,3591.0,3591.0,99.7,2867.8,3407.3,2615.6,2897.4,2727.4,2834.5,2697.0,2925.7,2837.3,2867.8,72.4,71.9,67.4,78.7,69.6,71.2,69.6,84.0,66.6,84.0,72.4,36.0,36.0,36.0,36.0,36.0,0.0,95.8,94.6,95.2,95.9,97.5,4.2,5.4,4.8,4.1,2.5,0.0,0.0,0.0,0.0,0.0,1596.0,16.00,16,18,18,38,75,560,1,69.3,67.8,66.0,66.2,66.8,66.7,64.1,57.5,58.3,56.7,1.325,1.125,1.363,26.700,15.182,32.899,72.992,10.515,10.342,10.331,10.663,10.724,43.955,18.821,62.777,72.985,1600.0,1596.0,3600.1,3600.1,3600.1,83.2,54.8,103.9,Nein,Nein,Nein,45.0,69.3,57.0,52.0,40.0,1.360,5.000,3.376,3.232,12.000,0.504,3.376,3.280,1.824,0.576,1.160,1.360,1.488,900,709,706,720,Nein,1.094,1.050,32.471,35.294,39,94.0,Nein,Nein,45964,43,100.0,Nein,Nein,2917,812,40,40,Nein,Nein,307599793,2567147457,59,82,99.0,Nein,Nein,15863,14658,0.0,0.0,0.0,0.000,0.000,2,0,0.0,0.0,0.0,0.000,0.000,110,3,0.0,0.0,0.0,0.000,0.000,45363,37192,0.4,0.2,0.6,0.361,0.177,240002,225761,63.2,71.2,1.063,12.016,11.936,12.096,1334,107.108,50.596,77.947,54.524,51.964,6.619,61.927,2100.5,2202.2,1885.5,2087.2,83.0,45.0,0.0,2.0,15.8,11.7,82.2,0.0,0.0,0.0,0.0,0.0,0.0,41,Nein,Nein,Nein,Nein,Nein,Nein,Nein,100.1,95.6,971,887,147,8.0,152,7.4,9114,303,1.277,0.385,0,
29.8.2022,14:56:2.403,19485,8610,69.3,11611,4727,71.0,6.2,1.342,1.337,1.344,1.344,1.344,3591.0,3591.0,3591.0,3591.0,3591.0,99.7,2896.0,3403.6,2675.3,2895.2,2792.9,2857.5,2756.9,2866.7,2920.0,2896.0,75.3,77.2,67.4,79.5,72.7,75.0,71.2,77.2,81.8,81.8,75.3,36.0,36.0,36.0,36.0,36.0,0.0,95.5,94.5,94.5,96.2,96.7,4.5,5.5,5.5,3.8,3.3,0.0,0.0,0.0,0.0,0.0,1596.0,16.00,16,18,18,38,75,560,1,68.5,67.8,65.9,66.0,67.0,66.6,64.1,57.3,58.1,56.5,1.325,1.125,1.369,27.193,15.133,33.678,73.970,10.774,10.530,10.788,10.808,10.968,44.999,18.797,63.796,73.985,1600.0,1596.0,3600.1,3600.1,3600.1,84.3,56.1,103.9,Nein,Nein,Nein,45.0,68.5,57.0,51.0,40.0,1.368,5.000,3.376,3.232,12.000,0.504,3.376,3.280,1.824,0.576,1.160,1.360,1.488,842,702,682,699,Nein,1.100,1.050,40.941,37.412,39,94.0,Nein,Nein,45964,43,100.0,Nein,Nein,2917,812,40,40,Nein,Nein,307599793,2567147457,59,82,99.0,Nein,Nein,15863,14658,0.0,0.0,0.0,0.000,0.000,2,0,0.0,0.0,0.0,0.000,0.000,110,3,0.0,0.0,0.0,0.000,0.013,45363,37192,0.1,0.1,0.2,0.075,0.256,240002,225762,63.5,71.5,1.081,12.008,11.920,12.096,1336,103.963,47.963,75.334,53.116,50.223,6.850,54.295,2100.5,2202.2,1885.5,2090.6,68.0,40.0,0.0,3.0,15.8,10.4,73.1,0.0,0.0,0.0,0.0,0.0,0.0,41,Nein,Nein,Nein,Nein,Nein,Nein,Nein,75.8,88.5,971,887,147,8.0,139,8.8,9114,303,2.445,0.531,0,
29.8.2022,14:56:4.448,19396,8699,69.0,11524,4813,70.5,6.2,1.337,1.337,1.337,1.337,1.337,3591.0,3591.0,3591.0,3591.0,3591.0,99.7,2906.8,3376.8,2697.7,2900.6,2811.8,2848.5,2808.9,2871.8,2938.3,2906.8,73.5,75.7,62.8,75.0,72.7,75.7,75.7,73.4,77.2,77.2,73.5,36.0,36.0,36.0,36.0,36.0,0.0,95.8,93.8,95.2,97.0,97.2,4.2,6.2,4.8,3.0,2.8,0.0,0.0,0.0,0.0,0.0,1596.0,16.00,16,18,18,38,75,560,1,68.5,68.2,66.3,66.3,67.2,67.0,64.5,57.5,58.3,56.6,1.325,1.125,1.363,27.670,15.166,34.029,74.484,10.881,10.649,10.817,10.988,11.071,45.469,18.835,64.303,74.516,1600.0,1596.0,3600.1,3600.1,3600.1,84.9,56.7,103.9,Nein,Nein,Nein,45.0,68.5,57.0,51.0,40.0,1.360,5.000,3.376,3.232,12.000,0.504,3.376,3.280,1.824,0.576,1.160,1.360,1.488,821,698,686,693,Nein,1.094,1.050,40.941,36.000,39,94.0,Nein,Nein,45964,43,100.0,Nein,Nein,2917,812,40,40,Nein,Nein,307599793,2567147457,59,82,99.0,Nein,Nein,15863,14658,0.0,0.0,0.0,0.000,0.000,2,0,0.0,0.0,0.0,0.000,0.000,110,3,0.0,0.0,0.0,0.000,0.000,45363,37192,0.0,0.4,0.4,0.000,0.425,240002,225762,64.5,72.5,1.081,11.984,11.912,12.056,1340,110.186,70.063,81.016,55.558,54.011,99.483,60.248,2100.5,2202.2,1885.5,2090.9,70.0,40.0,0.0,2.0,15.8,10.3,72.2,0.0,0.0,0.0,0.0,0.0,0.0,42,Nein,Nein,Nein,Nein,Nein,Nein,Nein,91.9,93.7,971,886,147,8.0,151,6.7,9114,303,3.903,5.254,0,
29.8.2022,14:56:6.511,19501,8594,69.4,11569,4768,70.8,6.2,1.337,1.337,1.344,1.337,1.331,3591.0,3591.0,3591.0,3591.0,3591.0,99.7,2974.0,3438.6,2768.6,2970.1,2902.1,2891.4,2852.2,3007.5,2961.5,2974.0,73.5,75.5,73.2,74.8,70.9,71.7,73.2,70.9,77.8,77.8,73.5,36.0,36.0,36.0,36.0,36.0,0.0,96.6,95.5,96.5,96.5,98.0,3.4,4.5,3.5,3.5,2.0,0.0,0.0,0.0,0.0,0.0,1596.0,16.00,16,18,18,38,75,560,1,68.4,68.1,66.1,66.2,67.3,66.7,64.3,57.5,58.3,56.7,1.337,1.125,1.369,27.580,15.186,34.731,75.548,11.091,10.846,11.090,11.069,11.360,46.372,18.879,65.251,75.550,1600.0,1596.0,3600.1,3600.1,3600.1,86.1,57.9,104.0,Nein,Nein,Nein,45.0,68.4,57.0,52.0,40.0,1.368,5.000,3.376,3.232,11.904,0.504,3.376,3.280,1.824,0.576,1.160,1.360,1.488,813,695,686,692,Nein,1.100,1.044,35.294,37.412,39,94.0,Nein,Nein,45964,43,100.0,Nein,Nein,2917,812,40,40,Nein,Nein,307599793,2567147457,59,82,99.0,Nein,Nein,15863,14658,0.0,0.0,0.0,0.000,0.000,2,0,0.0,0.0,0.0,0.000,0.000,110,3,0.0,0.0,0.0,0.000,0.001,45363,37192,0.8,1.4,2.2,1.018,0.135,240004,225763,66.1,74.1,1.081,11.968,11.856,12.080,1345,120.973,57.796,91.325,59.470,60.883,7.386,69.915,2100.5,2202.2,1885.5,2090.2,84.0,48.0,0.0,3.0,16.0,11.2,78.1,0.0,0.0,0.0,0.0,0.0,0.0,43,Nein,Nein,Nein,Nein,Nein,Nein,Nein,104.9,100.8,982,897,151,8.0,154,6.3,9114,303,1.253,2.105,0,
29.8.2022,14:56:8.556,19498,8597,69.4,11566,4771,70.7,6.2,1.337,1.337,1.337,1.337,1.337,3591.0,3591.0,3591.0,3591.0,3591.0,99.7,2472.7,3262.8,2070.5,2574.9,2345.9,2499.0,2161.4,2478.9,2388.1,2472.7,59.9,63.6,42.4,66.6,64.3,75.0,43.9,66.6,56.8,75.0,59.9,36.0,36.0,36.0,36.0,36.0,0.0,92.1,90.6,92.5,92.2,93.0,7.9,9.4,7.5,7.8,7.0,0.0,0.0,0.0,0.0,0.0,1596.0,16.00,16,18,18,38,75,560,1,67.5,66.8,64.8,65.0,65.9,65.2,62.9,57.0,57.8,56.2,1.331,1.125,1.363,25.019,15.140,30.690,70.062,9.772,9.622,9.967,9.603,9.896,41.033,18.821,59.854,70.075,1600.0,1596.0,3600.1,3600.1,3600.1,79.9,51.1,104.3,Nein,Nein,Nein,45.0,67.6,57.0,52.0,40.0,1.360,5.000,3.376,3.216,11.904,0.504,3.376,3.280,1.824,0.576,1.152,1.360,1.488,796,695,687,690,Nein,1.094,1.050,35.294,37.412,39,94.0,Nein,Nein,45964,43,100.0,Nein,Nein,2917,812,40,40,Nein,Nein,307599793,2567147457,59,82,99.0,Nein,Nein,15863,14658,0.0,0.0,0.0,0.000,0.000,2,0,0.0,0.0,0.0,0.000,0.000,110,3,0.0,0.0,0.0,0.000,0.000,45363,37192,0.0,0.3,0.3,0.000,0.156,240004,225763,67.4,75.4,1.081,11.956,11.864,12.048,1364,125.729,70.457,94.842,61.883,63.228,57.668,74.665,2100.5,2202.2,1885.5,2085.3,90.0,51.0,0.0,3.0,16.0,12.9,90.6,0.0,0.0,0.0,0.0,0.0,0.0,44,Nein,Nein,Nein,Nein,Nein,Nein,Nein,109.5,104.1,982,898,151,8.0,175,5.5,9114,303,1.489,3.675,0,
29.8.2022,14:56:10.604,19532,8563,69.5,11611,4726,71.0,6.2,1.342,1.337,1.344,1.344,1.344,3591.0,3591.0,3591.0,3591.0,3591.0,99.7,2365.4,3194.7,1949.5,2470.1,2065.8,2388.5,2087.9,2389.0,2377.6,2365.4,61.0,68.7,55.7,70.9,53.4,64.8,52.6,64.8,57.2,70.9,61.0,36.0,36.0,36.0,36.0,36.0,0.0,89.2,88.7,88.4,87.4,92.2,10.8,11.3,11.6,12.6,7.8,0.0,0.0,0.0,0.0,0.0,1596.0,16.00,16,18,18,38,75,560,1,66.9,65.9,63.9,64.3,64.8,64.5,62.1,56.7,57.5,55.9,1.331,1.125,1.356,23.860,14.997,29.157,67.830,9.271,9.244,9.152,9.176,9.513,38.985,18.727,57.712,67.858,1600.0,1596.0,3600.1,3600.1,3600.1,77.3,48.6,104.4,Nein,Nein,Nein,45.0,67.3,57.0,51.0,40.0,1.360,5.000,3.376,3.232,11.904,0.504,3.376,3.280,1.824,0.576,1.152,1.360,1.496,769,691,681,690,Nein,1.100,1.044,27.529,36.706,39,94.0,Nein,Nein,45964,43,100.0,Nein,Nein,2917,812,40,40,Nein,Nein,307599793,2567147457,59,82,99.0,Nein,Nein,15863,14658,0.0,0.0,0.0,0.000,0.000,2,0,0.0,0.0,0.0,0.000,0.000,110,3,0.0,0.0,0.0,0.000,0.004,45363,37192,0.3,0.2,0.5,0.570,0.064,240005,225763,68.3,76.3,1.081,11.960,11.864,12.056,1407,130.949,62.532,99.534,63.971,66.356,7.863,74.937,2100.5,2202.2,1885.5,2087.0,86.0,44.0,0.0,2.0,16.7,13.1,91.9,0.0,0.0,0.0,0.0,0.0,0.0,45,Nein,Nein,Nein,Nein,Nein,Nein,Nein,112.5,109.1,1024,939,184,8.0,169,5.3,9114,303,0.832,0.120,0,
29.8.2022,14:56:12.647,19539,8556,69.5,11624,4714,71.1,6.2,1.355,1.350,1.356,1.356,1.356,3591.0,3591.0,3591.0,3591.0,3591.0,99.7,2048.4,2888.6,1553.7,1940.6,1711.7,2032.2,2030.5,2025.9,2204.0,2048.4,48.1,50.0,31.5,55.3,39.2,53.0,46.9,49.2,60.0,60.0,48.1,36.0,36.0,36.0,36.0,36.0,0.0,83.9,80.2,77.8,87.7,89.9,16.0,19.8,21.9,12.3,10.1,0.1,0.0,0.3,0.1,0.0,1596.0,16.00,16,18,18,38,75,560,1,66.1,64.9,62.7,62.5,63.1,63.9,61.2,56.1,56.7,55.5,1.331,1.125,1.356,21.901,14.716,26.429,63.779,8.409,8.132,7.920,8.768,8.816,35.413,18.492,53.905,63.783,1600.0,1596.0,3600.1,3600.1,3600.1,72.7,44.0,104.5,Nein,Nein,Nein,46.0,66.3,57.0,52.0,40.0,1.360,5.000,3.376,3.232,12.000,0.512,3.376,3.280,1.824,0.576,1.160,1.360,1.488,743,692,682,691,Nein,1.100,1.044,31.765,36.000,39,94.0,Nein,Nein,45964,43,100.0,Nein,Nein,2917,812,40,40,Nein,Nein,307599793,2567147457,59,82,99.0,Nein,Nein,15863,14658,0.0,0.0,0.0,0.000,0.000,2,0,0.0,0.0,0.0,0.000,0.000,110,3,0.0,0.0,0.0,0.000,0.014,45363,37192,0.0,0.2,0.2,0.000,0.178,240005,225764,69.1,77.1,1.075,12.012,11.928,12.096,1444,108.129,52.913,78.527,55.155,52.351,8.006,70.523,2088.0,2202.2,1873.0,2088.7,97.0,50.0,0.0,2.0,16.7,13.5,94.7,0.0,0.0,0.0,0.0,0.0,0.0,46,Ja,Nein,Nein,Ja,Nein,Nein,Nein,97.1,90.1,1025,941,156,8.0,146,7.8,9114,303,2.033,0.000,0,
29.8.2022,14:56:14.690,19538,8557,69.5,11622,4715,71.1,6.2,1.347,1.350,1.350,1.344,1.344,3591.0,3591.0,3591.0,3591.0,3591.0,99.7,1851.1,2778.4,1355.3,1774.1,1498.1,1835.8,1634.9,1819.2,2113.2,1851.1,39.6,45.8,25.1,38.9,27.4,45.8,38.9,47.3,47.3,47.3,39.6,36.0,36.0,36.0,36.0,36.0,0.0,79.6,77.2,72.4,81.4,87.6,19.7,22.8,25.2,18.4,12.4,0.7,0.1,2.8,0.1,0.0,1596.0,16.00,16,18,18,38,75,560,1,65.8,64.4,62.0,61.9,62.3,62.7,61.0,55.7,56.2,55.2,1.325,1.125,1.356,20.939,14.524,25.070,61.728,7.975,7.754,7.397,7.967,8.782,33.618,18.368,51.986,61.733,1600.0,1596.0,3600.1,3600.1,3600.1,70.4,41.8,104.6,Nein,Nein,Nein,45.0,65.9,57.0,51.0,40.0,1.360,5.000,3.376,3.232,11.904,0.512,3.376,3.280,1.824,0.576,1.152,1.360,1.488,719,697,687,690,Nein,1.100,1.044,23.294,32.471,39,94.0,Nein,Nein,45964,43,100.0,Nein,Nein,2917,812,40,40,Nein,Nein,307599793,2567147457,59,82,99.0,Nein,Nein,15863,14658,0.0,0.0,0.0,0.000,0.000,2,0,0.0,0.0,0.0,0.000,0.000,110,3,0.0,0.0,0.0,0.000,0.000,45363,37192,0.0,0.2,0.2,0.000,0.134,240005,225764,70.0,78.0,1.075,11.968,11.880,12.056,1486,129.026,66.102,98.377,62.821,65.585,30.376,73.350,2088.0,2202.2,1873.0,2079.2,97.0,49.0,0.0,1.0,16.7,14.1,98.6,0.0,0.0,0.0,0.0,0.0,0.0,47,Ja,Nein,Nein,Ja,Nein,Nein,Nein,107.2,102.5,1027,943,156,8.0,118,9.1,9114,303,1.915,0.231,0,
29.8.2022,14:56:16.768,19548,8547,69.5,11645,4692,71.2,6.2,1.334,1.337,1.331,1.337,1.331,3591.0,3591.0,3591.0,3591.0,3591.0,99.7,2195.9,2847.4,1793.0,2216.3,1841.6,2258.3,2119.7,2176.3,2314.8,2195.9,52.9,56.8,37.8,56.8,43.1,56.8,54.5,62.8,54.5,62.8,52.9,36.0,36.0,36.0,36.0,36.0,0.0,83.5,79.1,77.5,88.4,89.1,15.9,20.6,20.9,11.4,10.9,0.6,0.3,1.7,0.2,0.0,1596.0,16.00,16,18,18,38,75,560,1,66.3,65.5,62.9,62.5,63.6,64.2,61.4,55.9,56.5,55.4,1.325,1.125,1.369,23.083,14.504,27.984,65.664,8.936,8.518,8.590,9.332,9.303,37.492,18.346,55.838,65.624,1600.0,1596.0,3600.1,3600.1,3600.1,74.8,46.6,104.4,Nein,Nein,Nein,45.0,66.0,57.0,51.0,40.0,1.368,5.000,3.376,3.232,12.000,0.512,3.376,3.280,1.824,0.576,1.160,1.360,1.488,696,697,683,691,Nein,1.094,1.050,45.176,35.294,39,94.0,Nein,Nein,45964,43,100.0,Nein,Nein,2917,812,40,40,Nein,Nein,307599793,2567147457,59,82,99.0,Nein,Nein,15863,14658,0.0,0.0,0.0,0.000,0.000,2,0,0.0,0.0,0.0,0.000,0.000,110,3,0.8,0.0,0.9,0.003,0.013,45363,37192,1.2,0.2,1.4,3.932,0.314,240013,225764,68.9,76.9,1.075,12.020,11.936,12.104,1518,93.965,42.350,66.959,48.699,44.640,8.011,43.441,2088.0,2202.2,1873.0,2079.4,47.0,19.0,0.0,9.0,19.8,12.7,88.6,0.0,0.0,0.0,0.0,0.0,0.0,48,Ja,Nein,Nein,Ja,Nein,Nein,Nein,63.2,67.3,1218,1134,164,8.0,99,10.8,9114,303,1.442,0.277,0,
29.8.2022,14:56:18.840,19631,8464,69.8,11719,4618,71.7,6.2,1.344,1.344,1.344,1.344,1.344,3591.0,3591.0,3591.0,3591.0,3591.0,99.7,2725.7,3304.0,2442.8,2772.9,2656.4,2646.2,2605.8,2681.5,2696.3,2725.7,68.4,69.6,56.8,78.7,73.4,59.8,68.1,72.7,68.1,78.7,68.4,36.0,36.0,36.0,36.0,36.0,0.0,94.0,91.8,94.1,94.8,95.1,6.0,8.2,5.9,5.2,4.9,0.0,0.0,0.0,0.0,0.0,1596.0,16.00,16,18,18,38,75,560,1,67.1,67.3,65.3,65.1,66.6,66.2,63.2,57.2,58.0,56.4,1.325,1.125,1.363,25.931,15.116,32.187,72.004,10.237,9.945,10.389,10.285,10.330,42.978,18.789,61.766,72.061,1600.0,1596.0,3600.1,3600.1,3600.1,82.1,53.6,104.2,Nein,Nein,Nein,46.0,67.1,57.0,51.0,40.0,1.360,5.000,3.376,3.232,11.904,0.512,3.376,3.280,1.824,0.576,1.152,1.360,1.488,698,698,682,691,Nein,1.100,1.050,37.412,35.294,39,94.0,Nein,Nein,45964,43,100.0,Nein,Nein,2917,812,40,40,Nein,Nein,307599793,2567147457,59,82,99.0,Nein,Nein,15863,14658,0.0,0.0,0.0,0.000,0.000,2,0,0.0,0.0,0.0,0.000,0.000,110,3,0.0,0.0,0.0,0.000,0.000,45363,37192,0.0,0.2,0.2,0.015,0.173,240013,225765,70.9,78.9,1.075,11.988,11.896,12.080,1540,113.607,65.687,97.558,60.241,65.039,35.473,70.122,2088.0,2202.2,1873.0,2081.1,85.0,50.0,0.0,3.0,19.8,11.5,80.3,0.0,0.0,0.0,0.0,0.0,0.0,48,Ja,Nein,Nein,Ja,Nein,Nein,Nein,98.1,91.0,1219,1135,164,8.0,158,7.7,9114,303,1.885,1.049,0,
29.8.2022,14:56:21.498,20022,8073,71.2,12031,4307,73.6,6.2,1.331,1.337,1.331,1.331,1.325,3591.0,3591.0,3591.0,3591.0,3591.0,99.7,3411.5,3545.5,3351.5,3410.0,3386.3,3380.8,3402.1,3384.1,3431.5,3411.5,93.7,94.7,91.7,91.7,93.9,95.4,92.4,94.7,94.7,95.4,93.7,36.0,36.0,36.0,36.0,36.0,0.0,98.8,98.5,98.6,99.1,99.1,1.2,1.5,1.4,0.9,0.9,0.0,0.0,0.0,0.0,0.0,1596.0,16.00,16,18,18,38,75,560,1,69.6,70.2,68.3,68.1,69.8,68.9,66.4,57.6,58.5,56.7,1.319,1.125,1.363,31.677,14.902,40.945,82.750,13.160,12.496,13.318,13.303,13.525,54.479,18.629,73.108,83.018,1600.0,1596.0,3599.7,3599.7,3599.7,94.6,68.2,103.0,Nein,Nein,Nein,45.0,70.8,57.0,51.0,40.0,1.368,5.000,3.376,3.248,12.000,0.512,3.376,3.280,1.824,0.576,1.160,1.360,1.488,720,699,681,696,Nein,1.094,1.044,46.588,36.000,39,94.0,Nein,Nein,45964,43,100.0,Nein,Nein,2917,812,40,40,Nein,Nein,307599793,2567147457,59,82,99.0,Nein,Nein,15863,14658,0.0,0.0,0.0,0.000,0.000,2,0,0.0,0.0,0.0,0.000,0.000,110,3,0.0,0.0,0.0,0.000,0.000,45363,37192,0.0,0.4,0.4,0.000,0.087,240013,225765,68.5,76.5,1.075,12.056,11.976,12.136,1564,87.312,38.200,63.204,44.551,42.136,7.943,33.166,2088.0,2202.2,1873.0,2082.9,33.0,19.0,0.0,1.0,19.8,7.7,54.0,0.0,0.0,0.0,0.0,0.0,0.0,48,Ja,Nein,Nein,Ja,Nein,Nein,Nein,53.5,62.0,1219,1135,164,8.0,76,17.3,9114,303,2.665,0.634,0,
29.8.2022,14:56:23.679,20022,8073,71.2,12096,4241,74.0,6.2,1.337,1.337,1.337,1.337,1.337,3591.0,3591.0,3591.0,3591.0,3591.0,99.7,3597.5,3599.8,3597.0,3599.1,3599.3,3592.8,3594.6,3598.2,3599.4,3597.5,99.8,99.4,100.0,100.0,100.0,99.4,100.0,100.0,100.0,100.0,99.8,36.0,36.0,36.0,36.0,36.0,0.0,100.0,100.0,100.0,100.0,100.0,0.0,0.0,0.0,0.0,0.0,0.0,0.0,0.0,0.0,0.0,1596.0,16.00,16,18,18,38,75,560,1,70.0,71.0,69.1,69.3,70.5,69.7,66.9,58.0,59.0,57.0,1.325,1.125,1.363,32.385,14.828,41.635,83.728,13.413,13.101,13.406,13.485,13.658,55.392,18.602,73.993,83.789,1600.0,1596.0,3599.8,3599.8,3599.8,95.5,69.4,102.8,Nein,Nein,Nein,46.0,70.0,57.0,51.0,40.0,1.368,5.000,3.376,3.232,12.000,0.512,3.376,3.280,1.824,0.576,1.160,1.360,1.496,789,704,686,698,Nein,1.094,1.050,43.765,33.882,39,94.0,Nein,Nein,45964,43,100.0,Nein,Nein,2917,812,40,40,Nein,Nein,307599793,2567147457,59,82,99.0,Nein,Nein,15863,14658,0.0,0.0,0.0,0.000,0.000,2,0,0.0,0.0,0.0,0.000,0.000,110,3,0.0,0.0,0.0,0.000,0.003,45363,37192,0.0,0.5,0.5,0.000,0.206,240013,225765,68.8,76.8,1.075,12.020,11.968,12.072,1567,92.516,40.575,62.581,50.170,41.721,7.912,40.492,2088.0,2202.2,1873.0,2083.8,48.0,28.0,0.0,2.0,19.8,6.2,43.6,0.0,0.0,0.0,0.0,0.0,0.0,48,Ja,Nein,Nein,Ja,Nein,Nein,Nein,58.6,46.5,1220,1135,164,8.0,75,23.5,9114,303,1.236,0.315,0,
29.8.2022,14:56:25.775,20022,8073,71.2,12099,4239,74.0,6.2,1.336,1.337,1.337,1.337,1.331,3591.0,3591.0,3591.0,3591.0,3591.0,99.7,3597.9,3600.1,3597.6,3598.9,3599.7,3595.0,3594.0,3598.4,3599.8,3597.9,100.0,100.0,100.0,100.0,100.0,100.0,100.0,100.0,100.0,100.0,100.0,36.0,36.0,36.0,36.0,36.0,0.0,100.0,100.0,100.0,100.0,100.0,0.0,0.0,0.0,0.0,0.0,0.0,0.0,0.0,0.0,0.0,1596.0,16.00,16,18,18,38,75,560,1,70.0,71.2,69.2,69.3,70.6,70.0,67.0,58.1,59.1,57.1,1.325,1.125,1.369,32.304,14.872,41.346,83.393,13.323,12.997,13.427,13.476,13.392,55.025,18.632,73.657,83.469,1600.0,1596.0,3600.1,3600.1,3600.1,95.1,68.9,102.8,Nein,Nein,Nein,45.0,70.0,57.0,51.0,40.0,1.368,5.000,3.376,3.232,12.000,0.504,3.376,3.280,1.824,0.576,1.160,1.360,1.496,814,702,683,697,Nein,1.094,1.050,44.471,36.000,39,94.0,Nein,Nein,45964,43,100.0,Nein,Nein,2917,812,40,40,Nein,Nein,307599793,2567147457,59,82,99.0,Nein,Nein,15863,14658,0.0,0.0,0.0,0.000,0.000,2,0,0.0,0.0,0.0,0.000,0.000,110,3,0.0,0.0,0.0,0.000,0.000,45363,37192,0.4,0.2,0.6,0.731,0.103,240014,225766,68.9,76.9,1.075,12.032,11.952,12.112,1564,82.677,37.786,55.957,44.748,37.305,7.955,42.967,2088.0,2202.2,1873.0,2084.0,33.0,20.0,0.0,1.0,19.8,6.4,44.9,0.0,0.0,0.0,0.0,0.0,0.0,48,Ja,Nein,Nein,Ja,Nein,Nein,Nein,62.2,80.3,1220,1135,164,8.0,77,10.7,9114,303,1.229,0.252,0,
29.8.2022,14:56:27.848,28108,17688,61.3,12725,3612,77.8,2.5,1.337,1.337,1.331,1.344,1.337,3591.0,3591.0,3591.0,3591.0,3591.0,99.7,3145.8,3500.8,3076.3,3122.2,2999.6,3101.9,3071.0,3134.9,3160.1,3145.8,80.8,81.3,79.1,85.0,76.8,81.3,76.8,82.8,83.5,85.0,80.8,36.0,36.0,36.0,36.0,36.0,0.0,96.6,97.2,95.2,96.6,97.6,3.4,2.8,4.8,3.4,2.4,0.0,0.0,0.0,0.0,0.0,1596.0,16.00,16,18,18,38,75,560,1,69.8,69.8,67.5,67.9,68.7,68.2,65.3,58.0,58.9,57.1,1.319,1.125,1.363,29.131,15.085,36.730,77.839,11.771,11.821,11.602,11.921,11.741,48.984,18.863,67.847,77.878,1600.0,1596.0,3600.1,3600.1,3600.1,88.7,61.2,103.4,Nein,Nein,Nein,46.0,69.9,57.0,52.0,40.0,1.368,5.000,3.376,3.248,12.096,0.504,3.376,3.280,1.824,0.576,1.160,1.360,1.496,810,699,684,700,Nein,1.100,1.044,39.529,36.000,39,94.0,Nein,Nein,45964,43,100.0,Nein,Nein,2917,812,40,40,Nein,Nein,307599793,2567147457,59,82,99.0,Nein,Nein,15863,14658,0.0,0.0,0.0,0.000,0.000,2,0,0.0,0.0,0.0,0.000,0.000,110,3,0.0,0.1,0.1,0.000,0.023,45363,37192,0.3,0.3,0.6,0.250,0.192,240015,225766,67.6,75.6,1.075,12.124,12.072,12.176,1580,46.055,17.884,22.792,29.649,15.196,8.418,13.363,2088.0,2202.2,1873.0,2083.3,44.0,10.0,0.0,17.0,97.6,5.4,35.5,0.0,0.0,0.0,2.3,0.0,0.0,48,Ja,Nein,Nein,Ja,Nein,Nein,Nein,44.0,37.6,5997,5879,174,8.0,26,82.0,9114,303,2.107,0.694,0,
29.8.2022,14:56:29.913,20265,25531,44.2,12127,4211,74.2,2.5,1.336,1.337,1.337,1.337,1.331,3591.0,3591.0,3591.0,3591.0,3591.0,99.7,2478.4,3286.6,2114.9,2611.3,2394.4,2531.2,2090.1,2410.2,2388.7,2478.4,58.8,64.6,49.6,65.4,60.9,66.9,52.6,57.1,53.3,66.9,58.8,36.0,36.0,36.0,36.0,36.0,0.0,91.8,91.3,92.5,90.6,92.8,8.2,8.7,7.5,9.4,7.2,0.0,0.0,0.0,0.0,0.0,1596.0,16.00,16,18,18,38,75,560,1,68.8,66.9,64.9,65.3,66.1,65.3,62.8,57.4,58.2,56.6,1.331,1.125,1.363,24.973,15.227,29.738,68.891,9.471,9.437,9.616,9.361,9.468,39.779,18.888,58.667,68.920,1600.0,1596.0,3600.1,3600.1,3600.1,78.5,49.6,104.3,Nein,Nein,Nein,46.0,68.0,57.0,52.0,40.0,1.360,5.000,3.376,3.232,12.000,0.504,3.376,3.280,1.824,0.576,1.160,1.360,1.488,808,699,686,694,Nein,1.094,1.050,38.118,36.000,39,94.0,Nein,Nein,45964,43,100.0,Nein,Nein,2917,812,40,40,Nein,Nein,307599793,2567147457,59,82,99.0,Nein,Nein,15863,14658,0.0,0.0,0.0,0.000,0.000,2,0,0.0,0.0,0.0,0.000,0.000,110,3,0.0,0.0,0.0,0.000,0.000,45363,37192,0.0,0.1,0.1,0.000,0.081,240015,225766,72.0,80.0,1.075,12.000,11.904,12.096,1564,108.501,67.358,77.947,53.806,51.964,88.299,64.773,2088.0,2202.2,1873.0,2079.7,81.0,47.0,0.0,3.0,17.2,11.3,78.8,0.0,0.0,0.0,0.3,0.0,0.0,49,Ja,Nein,Nein,Ja,Nein,Nein,Nein,89.9,87.4,1056,972,164,8.0,149,8.0,9114,303,1.210,0.366,0,
29.8.2022,14:56:31.960,20037,25759,43.7,12123,4215,74.2,2.5,1.336,1.331,1.337,1.337,1.337,3591.0,3591.0,3591.0,3591.0,3591.0,99.7,2396.8,3265.1,1984.7,2527.8,2251.2,2386.0,2073.4,2387.2,2299.1,2396.8,58.3,75.0,38.6,64.3,56.8,60.6,55.3,56.0,59.8,75.0,58.3,36.0,36.0,36.0,36.0,36.0,0.0,91.4,90.7,91.7,90.9,92.2,8.6,9.3,8.3,9.1,7.8,0.0,0.0,0.0,0.0,0.0,1596.0,16.00,16,18,18,38,75,560,1,68.0,66.5,64.6,64.9,65.7,65.1,62.7,57.2,58.0,56.4,1.325,1.125,1.363,24.701,15.194,29.265,68.214,9.309,9.302,9.410,9.163,9.359,39.173,18.833,58.007,68.212,1600.0,1596.0,3600.1,3600.1,3600.1,77.7,48.8,104.5,Nein,Nein,Nein,46.0,68.0,57.0,52.0,40.0,1.360,5.000,3.376,3.232,12.000,0.504,3.376,3.280,1.824,0.576,1.152,1.360,1.488,806,698,685,693,Nein,1.100,1.044,32.471,35.294,39,94.0,Nein,Nein,45964,43,100.0,Nein,Nein,2917,812,40,40,Nein,Nein,307599793,2567147457,59,82,99.0,Nein,Nein,15863,14658,0.0,0.0,0.0,0.000,0.000,2,0,0.0,0.0,0.0,0.000,0.000,110,3,0.0,0.0,0.0,0.000,0.000,45363,37192,0.0,0.2,0.2,0.000,0.127,240015,225766,72.6,80.6,1.075,11.968,11.888,12.048,1572,116.252,69.124,83.854,59.725,55.903,76.606,69.530,2088.0,2202.2,1873.0,2079.7,82.0,48.0,0.0,3.0,17.2,11.8,82.5,0.0,0.0,0.0,0.0,0.0,0.0,50,Ja,Nein,Nein,Ja,Nein,Nein,Nein,92.6,102.4,1056,972,164,8.0,150,7.4,9114,303,1.166,0.333,0,
29.8.2022,14:56:34.021,19611,8484,69.8,11730,4608,71.7,6.2,1.342,1.344,1.344,1.344,1.337,3591.0,3591.0,3591.0,3591.0,3591.0,99.7,2660.1,3343.9,2420.3,2728.2,2545.3,2652.1,2370.7,2633.1,2587.1,2660.1,63.8,72.3,56.9,69.2,59.2,68.4,52.3,68.4,63.8,72.3,63.8,36.0,36.0,36.0,36.0,36.0,0.0,93.5,92.9,93.5,92.8,94.8,6.5,7.1,6.5,7.2,5.2,0.0,0.0,0.0,0.0,0.0,1596.0,16.00,16,18,18,38,75,560,1,67.9,67.4,65.3,65.7,66.5,65.8,63.3,57.4,58.2,56.7,1.325,1.125,1.363,25.892,15.210,31.441,71.159,10.019,10.066,10.155,9.839,10.017,42.048,18.863,60.911,71.167,1600.0,1596.0,3600.1,3600.1,3600.1,81.1,52.4,104.3,Nein,Nein,Nein,45.0,67.9,57.0,52.0,40.0,1.368,5.000,3.376,3.232,12.000,0.504,3.376,3.104,1.824,0.576,1.160,1.360,1.488,789,696,684,694,Nein,1.100,1.044,36.000,36.000,39,94.0,Nein,Nein,45964,43,100.0,Nein,Nein,2917,812,40,40,Nein,Nein,307599793,2567147457,59,82,99.0,Nein,Nein,15863,14658,0.0,0.0,0.0,0.000,0.000,2,0,0.0,0.0,0.0,0.000,0.000,110,3,0.0,0.0,0.0,0.000,0.000,45363,37192,0.2,0.3,0.5,0.239,0.388,240015,225767,72.8,80.8,1.075,12.032,11.952,12.112,1600,98.205,58.684,70.783,50.390,47.188,63.638,61.422,2088.0,2202.2,1873.0,2080.7,72.0,42.0,0.0,3.0,17.2,10.9,76.0,0.0,0.0,0.0,0.0,0.0,0.0,51,Ja,Nein,Nein,Ja,Nein,Nein,Nein,86.4,95.0,1055,971,164,8.0,140,7.4,9114,303,1.229,0.555,0,
29.8.2022,14:56:36.075,19508,8587,69.4,11623,4714,71.1,6.2,1.337,1.337,1.337,1.337,1.337,3591.0,3591.0,3591.0,3591.0,3591.0,99.7,2400.3,3260.1,1993.8,2550.0,2163.8,2427.3,2053.0,2364.0,2390.7,2400.3,55.1,66.6,42.4,70.4,50.7,56.0,43.9,55.3,55.3,70.4,55.1,36.0,36.0,36.0,36.0,36.0,0.0,91.2,90.6,91.3,90.4,92.4,8.8,9.4,8.7,9.6,7.6,0.0,0.0,0.0,0.0,0.0,1596.0,16.00,16,18,18,38,75,560,1,68.0,67.0,65.0,65.1,66.1,65.5,63.1,57.4,58.2,56.6,1.325,1.125,1.363,25.036,15.160,30.084,69.254,9.576,9.505,9.628,9.430,9.743,40.250,18.817,59.067,69.268,1600.0,1596.0,3600.1,3600.1,3600.1,78.9,50.1,104.4,Nein,Nein,Nein,46.0,68.0,57.0,52.0,40.0,1.360,5.000,3.376,3.232,11.904,0.504,3.376,3.280,1.824,0.576,1.152,1.360,1.488,775,698,683,693,Nein,1.100,1.044,33.882,36.706,39,94.0,Nein,Nein,45964,43,100.0,Nein,Nein,2917,812,40,40,Nein,Nein,307599793,2567147457,59,82,99.0,Nein,Nein,15863,14658,0.0,0.0,0.0,0.000,0.000,2,0,0.0,0.0,0.0,0.000,0.000,110,3,0.0,0.0,0.0,0.000,0.000,45363,37192,0.0,0.3,0.3,0.000,0.121,240015,225767,74.0,82.0,1.094,11.964,11.872,12.056,1621,108.003,61.019,88.684,58.790,59.123,32.029,66.467,2088.0,2202.2,1873.0,2079.2,79.0,46.0,0.0,3.0,17.2,11.8,82.6,0.0,0.0,0.0,0.0,0.0,0.0,51,Nein,Nein,Nein,Nein,Nein,Nein,Nein,99.5,90.0,1055,971,164,8.0,153,7.7,9114,303,1.288,1.988,0,
29.8.2022,14:56:38.127,19500,8595,69.4,11621,4716,71.1,6.2,1.341,1.337,1.337,1.344,1.344,3591.0,3591.0,3591.0,3591.0,3591.0,99.7,2556.1,3326.4,2202.7,2660.0,2409.0,2607.5,2191.6,2538.9,2512.4,2556.1,62.1,74.2,50.7,75.0,61.3,62.1,50.7,61.3,61.3,75.0,62.1,36.0,36.0,36.0,36.0,36.0,0.0,93.3,92.4,93.1,93.4,94.2,6.7,7.6,6.9,6.6,5.8,0.0,0.0,0.0,0.0,0.0,1596.0,16.00,16,18,18,38,75,560,1,68.0,67.6,65.6,65.6,66.6,66.2,63.8,57.5,58.3,56.7,1.325,1.125,1.363,26.323,15.188,31.538,71.147,10.059,9.863,10.083,9.977,10.312,42.176,18.811,60.987,71.176,1600.0,1596.0,3600.1,3600.1,3600.1,81.1,52.6,104.2,Nein,Nein,Nein,46.0,68.0,57.0,51.0,40.0,1.360,5.000,3.376,3.216,11.904,0.504,3.376,3.280,1.824,0.576,1.152,1.360,1.488,762,696,683,691,Nein,1.100,1.044,33.176,38.824,39,94.0,Nein,Nein,45964,43,100.0,Nein,Nein,2917,812,40,40,Nein,Nein,307599793,2567147457,59,82,99.0,Nein,Nein,15863,14658,0.0,0.0,0.0,0.000,0.000,2,0,0.0,0.0,0.0,0.000,0.000,110,3,0.0,0.0,0.0,0.000,0.000,45363,37192,0.0,0.3,0.3,0.000,0.111,240015,225768,74.7,82.7,1.094,11.964,11.880,12.048,1646,126.388,67.173,95.131,62.346,63.421,45.178,69.790,2088.0,2202.2,1873.0,2077.8,83.0,48.0,0.0,3.0,17.2,11.5,80.7,0.0,0.0,0.0,0.0,0.0,0.0,52,Nein,Nein,Nein,Nein,Nein,Nein,Nein,100.8,102.3,1055,971,164,8.0,149,6.6,9114,303,0.934,3.577,0,
29.8.2022,14:56:40.173,19501,8594,69.4,11621,4716,71.1,6.2,1.334,1.344,1.331,1.331,1.331,3591.0,3591.0,3591.0,3591.0,3591.0,99.7,2281.5,3225.2,1837.1,2446.5,2011.5,2367.0,1896.5,2267.4,2201.0,2281.5,53.9,77.8,35.1,61.0,51.1,57.2,39.6,54.9,54.9,77.8,53.9,36.0,36.0,36.0,36.0,36.0,0.0,89.3,89.6,89.2,88.8,89.7,10.7,10.4,10.8,11.2,10.3,0.0,0.0,0.0,0.0,0.0,1596.0,16.00,16,18,18,38,75,560,1,67.9,66.5,64.4,64.9,65.4,65.0,62.4,57.2,58.0,56.4,1.325,1.125,1.369,24.432,15.220,28.746,67.420,9.147,9.167,9.236,9.023,9.163,38.478,18.798,57.276,67.436,1600.0,1596.0,3600.1,3600.1,3600.1,76.8,47.9,104.5,Nein,Nein,Nein,46.0,68.0,57.0,52.0,40.0,1.360,5.000,3.376,3.232,12.000,0.504,3.376,3.280,1.824,0.576,1.152,1.360,1.488,762,693,678,693,Nein,1.100,1.044,43.765,36.706,39,94.0,Nein,Nein,45964,43,100.0,Nein,Nein,2917,812,40,40,Nein,Nein,307599793,2567147457,59,82,99.0,Nein,Nein,15863,14658,0.0,0.0,0.0,0.000,0.000,2,0,0.0,0.0,0.0,0.000,0.000,110,3,0.0,0.0,0.0,0.000,0.000,45363,37192,0.2,0.1,0.2,0.216,0.046,240016,225768,75.3,83.3,1.094,12.008,11.944,12.072,1668,108.564,52.199,77.068,56.567,51.378,9.948,66.036,2088.0,2202.2,1873.0,2077.5,82.0,48.0,0.0,3.0,17.2,11.8,82.4,0.0,0.0,0.0,0.0,0.0,0.0,53,Nein,Nein,Nein,Nein,Nein,Nein,Nein,100.8,105.3,1057,972,164,8.0,154,7.2,9114,303,0.418,0.067,0,
29.8.2022,14:56:42.467,19500,8595,69.4,11620,4717,71.1,6.2,1.341,1.344,1.344,1.337,1.337,3591.0,3591.0,3591.0,3591.0,3591.0,99.7,2272.9,3232.0,1809.5,2468.1,2014.3,2294.4,1867.0,2286.6,2210.9,2272.9,55.9,77.8,35.8,61.8,50.3,57.2,49.6,61.8,52.6,77.8,55.9,36.0,36.0,36.0,36.0,36.0,0.0,89.9,89.8,90.3,88.0,91.7,10.1,10.2,9.7,12.0,8.3,0.0,0.0,0.0,0.0,0.0,1596.0,16.00,16,18,18,38,75,560,1,67.6,66.5,64.5,64.9,65.6,64.9,62.7,57.2,58.0,56.4,1.331,1.125,1.363,24.068,15.212,28.815,67.552,9.164,9.193,9.211,8.946,9.306,38.583,18.802,57.385,67.548,1600.0,1596.0,3600.1,3600.1,3600.1,77.0,48.0,104.5,Nein,Nein,Nein,46.0,67.6,57.0,52.0,40.0,1.360,5.000,3.376,3.232,12.000,0.504,3.376,3.280,1.824,0.576,1.160,1.360,1.488,763,693,679,692,Nein,1.100,1.044,38.824,37.412,39,94.0,Nein,Nein,45964,43,100.0,Nein,Nein,2917,812,40,40,Nein,Nein,307599793,2567147457,59,82,99.0,Nein,Nein,15863,14658,0.0,0.0,0.0,0.000,0.000,2,0,0.0,0.0,0.0,0.000,0.000,110,3,0.0,0.0,0.0,0.000,0.000,45363,37192,0.1,0.2,0.3,0.157,0.134,240016,225768,75.9,83.9,1.094,12.000,11.904,12.096,1698,123.545,85.517,96.816,58.377,64.544,140.373,67.476,2088.0,2202.2,1873.0,2077.6,81.0,46.0,0.0,3.0,17.2,11.6,81.3,0.0,0.0,0.0,0.0,0.0,0.0,54,Nein,Nein,Nein,Nein,Nein,Nein,Nein,93.0,96.6,1057,973,164,8.0,151,7.3,9114,303,0.485,0.032,0,
29.8.2022,14:56:44.523,19500,8596,69.4,11616,4721,71.1,6.2,1.344,1.350,1.344,1.344,1.337,3591.0,3591.0,3591.0,3591.0,3591.0,99.7,2269.3,3206.8,1829.6,2427.9,2010.6,2352.5,1819.3,2272.7,2234.9,2269.3,53.4,76.1,38.7,67.3,46.9,57.1,40.1,50.3,51.0,76.1,53.4,36.0,36.0,36.0,36.0,36.0,0.0,89.6,89.1,89.5,88.9,90.9,10.4,10.9,10.5,11.1,9.1,0.0,0.0,0.0,0.0,0.0,1596.0,16.00,16,18,18,38,75,560,1,67.6,66.6,64.5,64.9,65.6,64.9,62.7,57.2,57.9,56.5,1.337,1.125,1.363,23.919,15.238,28.700,67.379,9.129,9.171,9.167,8.917,9.262,38.426,18.805,57.231,67.390,1600.0,1596.0,3600.1,3600.1,3600.1,76.8,47.8,104.5,Nein,Nein,Nein,46.0,67.6,57.0,52.0,40.0,1.360,5.000,3.376,3.232,11.904,0.512,3.376,3.152,1.824,0.576,1.152,1.360,1.488,768,696,686,691,Nein,1.100,1.044,42.353,37.412,39,94.0,Nein,Nein,45964,43,100.0,Nein,Nein,2917,812,40,40,Nein,Nein,307599793,2567147457,59,82,99.0,Nein,Nein,15863,14658,0.0,0.0,0.0,0.000,0.000,2,0,0.0,0.0,0.0,0.000,0.000,110,3,0.0,0.0,0.0,0.000,0.000,45363,37192,0.1,0.3,0.4,0.087,0.303,240016,225769,76.3,84.3,1.094,11.972,11.912,12.032,1715,120.045,79.221,88.507,60.418,59.005,120.054,68.119,2088.0,2202.2,1873.0,2077.5,86.0,48.0,0.0,3.0,17.2,12.0,83.8,0.0,0.0,0.0,0.0,0.0,0.0,54,Nein,Nein,Nein,Nein,Nein,Nein,Nein,101.4,94.3,1058,973,164,8.0,150,7.6,9114,303,0.711,0.096,0,
29.8.2022,14:56:46.578,19500,8595,69.4,11611,4726,71.0,6.2,1.337,1.337,1.337,1.337,1.337,3591.0,3591.0,3591.0,3591.0,3591.0,99.7,2308.0,3225.5,1873.7,2462.1,2113.5,2342.4,1953.5,2316.9,2176.3,2308.0,55.2,65.9,40.9,65.9,53.0,61.3,43.1,59.8,51.5,65.9,55.2,36.0,36.0,36.0,36.0,36.0,0.0,90.0,89.6,90.5,89.1,90.7,10.0,10.4,9.5,10.9,9.3,0.0,0.0,0.0,0.0,0.0,1596.0,16.00,16,18,18,38,75,560,1,67.6,66.6,64.6,65.0,65.7,65.1,62.6,57.2,58.0,56.5,1.337,1.125,1.369,23.753,15.237,28.883,67.633,9.193,9.224,9.306,9.051,9.191,38.681,18.807,57.488,67.645,1600.0,1596.0,3600.1,3600.1,3600.1,77.1,48.1,104.5,Nein,Nein,Nein,46.0,67.6,57.0,52.0,40.0,1.360,5.000,3.376,3.216,11.904,0.512,3.376,3.280,1.824,0.576,1.152,1.360,1.488,766,695,682,692,Nein,1.100,1.050,35.294,36.000,39,94.0,Nein,Nein,45964,43,100.0,Nein,Nein,2917,812,40,40,Nein,Nein,307599793,2567147457,59,82,99.0,Nein,Nein,15863,14658,0.0,0.0,0.0,0.000,0.000,2,0,0.0,0.0,0.0,0.000,0.000,110,3,0.0,0.0,0.0,0.000,0.000,45363,37192,0.0,0.2,0.2,0.000,0.165,240016,225769,76.9,84.9,1.094,11.960,11.848,12.072,1740,115.467,58.740,91.699,60.851,61.133,10.421,69.597,2088.0,2202.2,1873.0,2077.6,80.0,46.0,0.0,3.0,17.2,11.8,82.4,0.0,0.0,0.0,0.0,0.0,0.0,55,Nein,Nein,Nein,Nein,Nein,Nein,Nein,97.6,96.2,1058,974,164,8.0,148,7.1,9114,303,0.618,0.147,0,
29.8.2022,14:56:48.640,19501,8594,69.4,11605,4732,71.0,6.2,1.337,1.337,1.337,1.337,1.337,3591.0,3591.0,3591.0,3591.0,3591.0,99.7,2714.0,3369.0,2398.5,2804.1,2570.4,2778.3,2419.7,2744.1,2627.6,2714.0,69.3,83.2,64.1,76.3,70.2,70.9,61.8,67.1,61.0,83.2,69.3,36.0,36.0,36.0,36.0,36.0,0.0,93.5,93.6,93.5,93.1,93.9,6.5,6.4,6.5,6.9,6.1,0.0,0.0,0.0,0.0,0.0,1596.0,16.00,16,18,18,38,75,560,1,68.5,67.8,65.9,66.2,66.9,66.5,64.1,57.7,58.5,56.9,1.331,1.125,1.369,26.044,15.196,32.526,72.566,10.367,10.307,10.352,10.331,10.476,43.486,18.803,62.289,72.563,1600.0,1596.0,3600.1,3600.1,3600.1,82.7,54.2,104.3,Nein,Nein,Nein,46.0,68.1,57.0,52.0,40.0,1.368,5.000,3.376,3.232,12.000,0.512,3.376,3.280,1.824,0.576,1.160,1.360,1.488,769,693,679,693,Nein,1.094,1.050,43.059,36.000,39,94.0,Nein,Nein,45964,43,100.0,Nein,Nein,2917,812,40,40,Nein,Nein,307599793,2567147457,59,82,99.0,Nein,Nein,15863,14658,0.0,0.0,0.0,0.000,0.000,2,0,0.0,0.0,0.0,0.000,0.000,110,3,0.0,0.0,0.0,0.000,0.000,45363,37192,0.1,0.1,0.2,0.077,0.119,240016,225769,76.2,84.2,1.094,12.024,11.952,12.096,1762,93.908,44.216,67.641,48.190,45.094,10.210,49.945,2088.0,2202.2,1873.0,2074.2,55.0,30.0,0.0,2.0,17.2,10.8,75.4,0.0,0.0,0.0,0.0,0.0,0.0,55,Nein,Nein,Nein,Nein,Nein,Nein,Nein,86.1,65.9,1059,975,164,8.0,110,14.4,9114,303,0.658,0.026,0,
29.8.2022,14:56:50.704,19855,8240,70.6,11839,4498,72.4,6.2,1.333,1.331,1.331,1.331,1.337,3591.0,3591.0,3591.0,3591.0,3591.0,99.7,3453.5,3574.5,3406.7,3453.3,3473.4,3408.5,3401.5,3434.1,3476.0,3453.5,94.8,93.1,92.4,95.4,96.9,93.9,92.4,96.2,97.7,97.7,94.8,36.0,36.0,36.0,36.0,36.0,0.0,99.5,99.3,99.6,99.7,99.3,0.5,0.7,0.4,0.3,0.7,0.0,0.0,0.0,0.0,0.0,1596.0,16.00,16,18,18,38,75,560,1,70.1,71.1,69.0,68.8,70.3,69.8,67.1,58.8,59.6,57.9,1.325,1.125,1.369,30.411,15.208,40.017,82.425,12.816,12.318,12.915,12.856,13.175,53.317,18.886,72.203,82.507,1600.0,1596.0,3600.1,3600.1,3600.1,94.0,66.7,103.5,Nein,Nein,Nein,46.0,70.1,57.0,52.0,40.0,1.368,5.000,3.376,3.232,12.000,0.512,3.376,3.280,1.824,0.576,1.160,1.360,1.488,762,694,689,694,Nein,1.100,1.044,44.471,35.294,39,94.0,Nein,Nein,45964,43,100.0,Nein,Nein,2917,812,40,40,Nein,Nein,307599793,2567147457,59,82,99.0,Nein,Nein,15863,14658,0.0,0.0,0.0,0.000,0.000,2,0,0.0,0.0,0.0,0.000,0.000,110,3,0.0,0.0,0.0,0.000,0.000,45363,37192,0.0,0.4,0.5,0.039,0.246,240016,225770,76.2,84.2,1.094,11.992,11.904,12.080,1784,95.840,45.296,66.972,50.568,44.648,10.198,54.097,2088.0,2202.2,1873.0,2079.3,60.0,35.0,0.0,2.0,17.2,8.8,61.9,0.0,0.0,0.0,0.0,0.0,0.0,55,Nein,Nein,Nein,Nein,Nein,Nein,Nein,77.8,84.2,1059,975,164,8.0,102,10.4,9114,303,1.955,4.583,0,
29.8.2022,14:56:52.828,20015,8080,71.2,12050,4287,73.7,6.2,1.336,1.337,1.331,1.337,1.337,3591.0,3591.0,3591.0,3591.0,3591.0,99.7,3506.8,3582.5,3462.2,3512.3,3547.8,3463.0,3460.1,3487.5,3538.7,3506.8,95.7,93.9,95.4,98.4,97.7,94.6,93.1,95.4,96.9,98.4,95.7,36.0,36.0,36.0,36.0,36.0,0.0,99.8,99.5,99.9,99.7,99.9,0.2,0.5,0.1,0.3,0.1,0.0,0.0,0.0,0.0,0.0,1596.0,16.00,16,18,18,38,75,560,1,70.8,71.7,69.6,69.7,71.2,70.2,67.5,58.7,59.6,57.7,1.319,1.125,1.363,31.281,15.060,41.139,83.370,13.244,12.930,13.658,13.090,13.298,54.761,18.774,73.535,83.490,1600.0,1596.0,3600.1,3600.1,3600.1,95.1,68.6,102.9,Nein,Nein,Nein,46.0,70.8,57.0,52.0,40.0,1.368,5.000,3.376,3.248,12.000,0.504,3.376,3.280,1.824,0.576,1.160,1.360,1.496,794,702,682,698,Nein,1.094,1.044,47.294,33.882,39,94.0,Nein,Nein,45964,43,100.0,Nein,Nein,2917,812,40,40,Nein,Nein,307599793,2567147457,59,82,99.0,Nein,Nein,15863,14658,0.0,0.0,0.0,0.000,0.000,2,0,0.0,0.0,0.0,0.000,0.000,110,3,0.0,0.0,0.0,0.000,0.000,45363,37192,0.1,0.2,0.3,0.050,0.096,240016,225770,75.2,83.2,1.094,12.076,12.008,12.144,1798,64.910,30.194,40.950,36.985,27.300,9.930,35.804,2088.0,2202.2,1873.0,2080.0,45.0,27.0,0.0,2.0,17.2,7.3,51.2,0.0,0.0,0.0,0.0,0.0,0.0,55,Nein,Nein,Nein,Nein,Nein,Nein,Nein,50.2,79.4,1059,975,164,8.0,71,21.3,9114,303,1.467,0.480,0,
29.8.2022,14:56:55.028,20019,8076,71.2,12118,4219,74.1,6.2,1.334,1.337,1.331,1.337,1.331,3591.0,3591.0,3591.0,3591.0,3591.0,99.7,3595.3,3600.1,3593.1,3597.0,3599.1,3589.6,3587.8,3595.9,3599.3,3595.3,99.8,99.2,100.0,100.0,100.0,99.2,100.0,100.0,100.0,100.0,99.8,36.0,36.0,36.0,36.0,36.0,0.0,100.0,100.0,100.0,100.0,100.0,0.0,0.0,0.0,0.0,0.0,0.0,0.0,0.0,0.0,0.0,1596.0,16.00,16,18,18,38,75,560,1,71.0,71.9,69.9,69.9,71.4,70.6,67.6,58.7,59.7,57.7,1.319,1.125,1.363,31.747,14.926,41.616,83.853,13.402,13.133,13.576,13.442,13.457,55.390,18.680,74.069,83.888,1600.0,1596.0,3600.1,3600.1,3600.1,95.6,69.4,102.8,Nein,Nein,Nein,46.0,71.0,57.0,52.0,40.0,1.368,5.000,3.376,3.232,12.000,0.504,3.376,3.280,1.824,0.576,1.160,1.360,1.488,826,707,696,707,Nein,1.094,1.050,46.588,35.294,39,94.0,Nein,Nein,45964,43,100.0,Nein,Nein,2917,812,40,40,Nein,Nein,307599793,2567147457,59,82,99.0,Nein,Nein,15863,14658,0.0,0.0,0.0,0.000,0.000,2,0,0.0,0.0,0.0,0.000,0.000,110,3,0.0,0.0,0.0,0.000,0.000,45363,37192,0.1,0.3,0.4,0.138,0.026,240017,225770,74.9,82.9,1.094,12.084,12.032,12.136,1801,60.418,28.367,36.262,35.615,24.175,9.999,35.782,2088.0,2202.2,1873.0,2082.6,42.0,25.0,0.0,2.0,17.4,5.9,41.3,0.0,0.0,0.0,0.0,0.0,0.0,55,Nein,Nein,Nein,Nein,Nein,Nein,Nein,52.8,64.8,1068,983,145,8.0,65,34.8,9114,303,1.778,0.339,0,
29.8.2022,14:56:57.186,20440,8694,70.1,12115,4222,74.1,5.7,1.336,1.337,1.337,1.331,1.337,3591.0,3591.0,3591.0,3591.0,3591.0,99.7,3592.6,3600.0,3591.7,3593.7,3598.7,3583.3,3585.3,3593.9,3593.9,3592.6,99.6,100.0,100.0,100.0,99.2,99.2,98.5,100.0,100.0,100.0,99.6,36.0,36.0,36.0,36.0,36.0,0.0,100.0,100.0,100.0,100.0,100.0,0.0,0.0,0.0,0.0,0.0,0.0,0.0,0.0,0.0,0.0,1596.0,16.00,16,18,18,38,75,560,1,71.0,71.8,69.8,69.9,71.2,70.6,67.6,58.8,59.7,57.8,1.331,1.125,1.369,31.581,14.955,41.249,83.382,13.267,13.027,13.407,13.246,13.387,54.906,18.714,73.620,83.477,1600.0,1596.0,3600.1,3600.1,3600.1,95.1,68.7,102.9,Nein,Nein,Nein,46.0,71.0,57.0,52.0,40.0,1.368,5.000,3.376,3.232,12.000,0.504,3.376,3.280,1.824,0.576,1.160,1.360,1.488,840,712,697,707,Nein,1.094,1.044,43.059,36.000,39,94.0,Nein,Nein,45964,43,100.0,Nein,Nein,2917,812,40,40,Nein,Nein,307599793,2567147457,59,82,99.0,Nein,Nein,15863,14658,0.0,0.0,0.0,0.000,0.000,2,0,0.0,0.0,0.0,0.000,0.000,110,3,0.0,0.0,0.0,0.000,0.000,45363,37192,0.1,0.1,0.2,0.048,0.020,240017,225770,75.1,83.1,1.094,12.024,11.960,12.088,1798,87.073,50.609,61.794,45.257,41.196,59.863,44.936,2088.0,2202.2,1873.0,2081.8,49.0,29.0,0.0,2.0,17.4,6.7,46.5,0.0,0.0,0.0,0.5,0.0,0.0,55,Nein,Nein,Nein,Nein,Nein,Nein,Nein,63.8,72.2,1070,986,146,8.0,75,11.3,9114,303,1.412,0.294,0,
29.8.2022,14:56:59.245,30713,4675,86.7,12279,4058,75.1,3.8,1.342,1.337,1.344,1.344,1.344,3591.0,3591.0,3591.0,3591.0,3591.0,99.7,3284.7,3525.5,3226.4,3346.0,3288.2,3224.8,3085.2,3230.4,3350.8,3284.7,89.1,89.1,89.1,92.0,89.1,87.6,87.6,88.4,89.8,92.0,89.1,36.0,36.0,36.0,36.0,36.0,0.0,98.2,97.9,98.5,97.8,98.4,1.8,2.1,1.5,2.2,1.6,0.0,0.0,0.0,0.0,0.0,1596.0,16.00,16,18,18,38,75,560,1,70.8,70.2,68.1,68.4,69.7,68.3,65.9,58.7,59.5,57.8,1.331,1.125,1.369,28.298,15.298,36.755,78.359,11.778,11.769,12.195,11.387,11.762,49.047,19.109,68.156,78.402,1600.0,1596.0,3600.1,3600.1,3600.1,89.3,61.3,103.4,Nein,Nein,Nein,46.0,70.9,57.0,52.0,40.0,1.368,5.000,3.376,3.232,12.000,0.504,3.376,3.280,1.824,0.576,1.160,1.360,1.488,848,707,693,709,Nein,1.100,1.050,32.471,37.412,39,94.0,Nein,Nein,45964,43,100.0,Nein,Nein,2917,812,40,40,Nein,Nein,307599793,2567147457,59,82,99.0,Nein,Nein,15863,14658,0.0,0.0,0.0,0.000,0.000,2,0,0.0,0.0,0.0,0.000,0.000,110,3,1.9,0.0,1.9,0.095,0.000,45363,37192,0.0,0.2,0.3,0.031,0.164,240017,225770,75.3,83.3,1.094,12.112,12.056,12.168,1804,54.446,26.621,31.391,32.889,20.929,10.678,37.216,2088.0,2202.2,1873.0,2082.5,64.0,35.0,0.0,2.0,98.4,6.7,45.1,0.0,0.0,0.0,1.8,0.0,0.0,55,Nein,Nein,Nein,Nein,Nein,Nein,Nein,75.9,76.7,6044,5962,193,8.0,65,12.0,9114,303,1.259,0.436,0,
29.8.2022,14:57:1.288,20265,15122,57.2,12125,4212,74.2,3.8,1.341,1.344,1.344,1.337,1.337,3591.0,3591.0,3591.0,3591.0,3591.0,99.7,2555.7,3325.5,2238.6,2702.8,2426.3,2480.4,2246.1,2451.0,2574.8,2555.7,65.7,77.8,56.4,69.4,69.4,61.0,63.3,64.8,63.3,77.8,65.7,36.0,36.0,36.0,36.0,36.0,0.0,92.8,92.4,93.9,91.7,93.3,7.2,7.6,6.1,8.3,6.7,0.0,0.0,0.0,0.0,0.0,1596.0,16.00,16,18,18,38,75,560,1,69.0,67.6,65.7,66.0,66.9,66.2,63.7,58.2,59.0,57.3,1.337,1.125,1.363,23.836,15.238,30.013,69.485,9.553,9.594,9.704,9.363,9.550,40.181,19.013,59.194,69.501,1600.0,1596.0,3600.1,3600.1,3600.1,79.2,50.0,104.4,Nein,Nein,Nein,46.0,69.3,57.0,52.0,40.0,1.360,5.000,3.376,3.232,12.000,0.504,3.376,3.280,1.824,0.576,1.160,1.360,1.488,835,705,700,707,Nein,1.100,1.050,28.941,37.412,39,94.0,Nein,Nein,45964,43,100.0,Nein,Nein,2917,812,40,40,Nein,Nein,307599793,2567147457,59,82,99.0,Nein,Nein,15863,14658,0.0,0.0,0.0,0.000,0.000,2,0,0.0,0.0,0.0,0.000,0.000,110,3,0.0,0.0,0.0,0.000,0.000,45363,37192,0.0,0.2,0.2,0.000,0.095,240017,225770,77.1,85.1,1.094,11.968,11.880,12.056,1801,112.883,59.158,79.859,59.020,53.239,36.034,67.641,2088.0,2202.2,1873.0,2078.6,77.0,45.0,0.0,3.0,17.4,10.2,71.1,0.0,0.0,0.0,0.0,0.0,0.0,55,Nein,Nein,Nein,Nein,Nein,Nein,Nein,96.6,99.0,1070,985,144,8.0,134,6.8,9114,303,1.464,0.537,0,
29.8.2022,14:57:3.335,19930,8165,70.9,12018,4319,73.5,6.2,1.342,1.344,1.344,1.344,1.337,3591.0,3591.0,3591.0,3591.0,3591.0,99.7,2517.2,3320.4,2191.4,2650.9,2262.9,2472.6,2240.9,2480.4,2518.2,2517.2,65.8,74.0,51.9,75.5,66.4,67.9,60.3,64.1,66.4,75.5,65.8,36.0,36.0,36.0,36.0,36.0,0.0,92.5,92.2,91.8,92.1,93.8,7.5,7.8,8.2,7.9,6.2,0.0,0.0,0.0,0.0,0.0,1596.0,16.00,16,18,18,38,75,560,1,68.4,67.2,65.3,65.7,66.3,65.7,63.2,57.9,58.7,57.1,1.331,1.125,1.363,23.450,15.163,29.838,69.167,9.490,9.656,9.480,9.354,9.469,39.940,18.937,58.877,69.155,1600.0,1596.0,3600.1,3600.1,3600.1,78.8,49.7,104.5,Nein,Nein,Nein,46.0,68.4,57.0,52.0,40.0,1.360,5.000,3.376,3.216,11.904,0.504,3.376,3.280,1.824,0.576,1.160,1.360,1.488,819,700,685,694,Nein,1.094,1.044,36.000,37.412,39,94.0,Nein,Nein,45964,43,100.0,Nein,Nein,2917,812,40,40,Nein,Nein,307599793,2567147457,59,82,99.0,Nein,Nein,15863,14658,0.0,0.0,0.0,0.000,0.000,2,0,0.0,0.0,0.0,0.000,0.000,110,3,0.0,0.0,0.0,0.000,0.000,45363,37192,0.0,0.1,0.1,0.000,0.136,240017,225771,78.1,86.1,1.063,11.984,11.896,12.072,1798,114.989,78.665,85.180,57.577,56.787,124.998,68.784,2075.5,2202.2,1860.0,2068.4,87.0,50.0,0.0,3.0,17.4,12.3,86.0,0.0,0.0,0.0,0.0,0.0,0.0,56,Ja,Nein,Nein,Nein,Nein,Ja,Nein,101.8,98.5,1069,985,144,8.0,172,6.6,9114,303,1.475,0.409,0,
29.8.2022,14:57:5.397,19513,8582,69.4,11622,4715,71.1,6.2,1.339,1.337,1.344,1.337,1.337,3591.0,3591.0,3591.0,3591.0,3591.0,99.7,2766.3,3397.2,2501.4,2849.8,2671.1,2695.6,2572.2,2730.6,2712.4,2766.3,68.8,72.5,64.1,73.2,70.2,70.9,64.8,64.8,70.2,73.2,68.8,36.0,36.0,36.0,36.0,36.0,0.0,94.9,94.4,94.8,94.7,95.5,5.1,5.6,5.2,5.3,4.5,0.0,0.0,0.0,0.0,0.0,1596.0,16.00,16,18,18,38,75,560,1,68.5,68.4,66.3,66.5,67.5,66.9,64.3,58.2,59.0,57.4,1.319,1.125,1.363,25.468,15.167,32.383,72.579,10.336,10.305,10.533,10.233,10.270,43.341,18.946,62.288,72.573,1600.0,1596.0,3600.1,3600.1,3600.1,82.7,54.0,104.2,Nein,Nein,Nein,46.0,68.4,57.0,52.0,40.0,1.368,5.000,3.376,3.232,12.000,0.504,3.376,3.280,1.824,0.576,1.152,1.360,1.488,805,696,680,694,Nein,1.094,1.050,47.294,36.706,39,94.0,Nein,Nein,45964,43,100.0,Nein,Nein,2917,812,40,40,Nein,Nein,307599793,2567147457,59,82,99.0,Nein,Nein,15863,14658,0.0,0.0,0.0,0.000,0.000,2,0,0.0,0.0,0.0,0.000,0.000,110,3,0.0,0.0,0.0,0.000,0.000,45363,37192,0.1,0.2,0.3,0.109,0.177,240017,225771,77.6,85.6,1.094,12.000,11.920,12.080,1801,107.943,74.859,79.728,54.164,53.152,128.169,59.083,2088.0,2202.2,1873.0,2063.9,54.0,31.0,0.0,1.0,17.4,11.8,82.3,0.0,0.0,0.0,0.0,0.0,0.0,56,Nein,Nein,Nein,Nein,Nein,Nein,Nein,99.5,89.6,1068,984,144,8.0,168,6.6,9114,303,0.739,2.056,0,
29.8.2022,14:57:7.446,19507,8588,69.4,11627,4711,71.1,6.2,1.337,1.337,1.337,1.337,1.337,3591.0,3591.0,3591.0,3591.0,3591.0,99.7,2403.4,3227.0,2000.6,2621.1,2202.5,2412.7,2093.8,2365.0,2304.8,2403.4,60.0,75.7,43.9,71.2,56.8,60.6,50.7,59.8,61.3,75.7,60.0,36.0,36.0,36.0,36.0,36.0,0.0,91.2,89.6,91.8,91.0,92.4,8.8,10.4,8.2,9.0,7.6,0.0,0.0,0.0,0.0,0.0,1596.0,16.00,16,18,18,38,75,560,1,68.4,67.5,65.4,65.6,66.6,66.0,63.4,58.0,58.8,57.2,1.325,1.125,1.363,23.466,15.117,29.785,68.964,9.480,9.397,9.657,9.361,9.503,39.869,18.906,58.774,68.999,1600.0,1596.0,3600.1,3600.1,3600.1,78.6,49.6,104.4,Nein,Nein,Nein,46.0,68.4,57.0,52.0,40.0,1.360,5.000,3.376,3.232,11.904,0.504,3.376,3.280,1.824,0.576,1.152,1.360,1.488,803,694,686,694,Nein,1.094,1.050,34.588,36.706,39,94.0,Nein,Nein,45964,43,100.0,Nein,Nein,2917,812,40,40,Nein,Nein,307599793,2567147457,59,82,99.0,Nein,Nein,15863,14658,0.0,0.0,0.0,0.000,0.000,2,0,0.0,0.0,0.0,0.000,0.000,110,3,0.0,0.0,0.0,0.000,0.000,45363,37192,0.0,0.2,0.2,0.000,0.081,240017,225771,79.2,87.2,1.050,11.988,11.912,12.064,1815,112.899,55.321,81.649,57.845,54.433,10.480,72.200,2062.5,2202.2,1847.5,2050.9,95.0,54.0,0.0,2.0,17.4,13.4,94.1,0.0,0.0,0.0,0.0,0.0,0.0,57,Ja,Ja,Nein,Ja,Nein,Nein,Nein,98.6,93.8,1068,984,144,8.0,197,5.9,9114,303,0.603,1.859,0,
29.8.2022,14:57:9.510,19507,8588,69.4,11623,4714,71.1,6.2,1.344,1.344,1.344,1.344,1.344,3591.0,3591.0,3591.0,3591.0,3591.0,99.7,2449.0,3289.4,2098.7,2560.6,2263.2,2489.4,2095.0,2419.6,2376.4,2449.0,58.2,65.1,50.0,62.1,59.8,65.9,46.2,59.8,56.8,65.9,58.2,36.0,36.0,36.0,36.0,36.0,0.0,91.8,91.4,92.0,92.0,91.6,8.2,8.6,8.0,8.0,8.4,0.0,0.0,0.0,0.0,0.0,1596.0,16.00,16,18,18,38,75,560,1,68.3,67.5,65.4,65.8,66.6,65.8,63.5,57.9,58.7,57.1,1.325,1.131,1.363,23.849,15.075,30.261,69.580,9.637,9.616,9.780,9.467,9.685,40.503,18.882,59.385,69.582,1600.0,1596.0,3600.1,3600.1,3600.1,79.3,50.4,104.4,Nein,Nein,Nein,46.0,68.3,57.0,52.0,40.0,1.360,5.000,3.376,3.232,12.000,0.504,3.376,3.280,1.824,0.576,1.160,1.360,1.488,809,699,684,693,Nein,1.100,1.044,39.529,38.824,39,94.0,Nein,Nein,45964,43,100.0,Nein,Nein,2917,812,40,40,Nein,Nein,307599793,2567147457,59,82,99.0,Nein,Nein,15863,14658,0.0,0.0,0.0,0.000,0.000,2,0,0.0,0.0,0.0,0.000,0.000,110,3,0.0,0.0,0.0,0.000,0.000,45363,37192,0.0,2.3,2.3,0.000,0.139,240017,225771,79.3,87.3,1.031,11.956,11.856,12.056,1842,126.047,60.461,92.735,63.169,61.823,16.317,68.259,2062.5,2202.2,1847.5,2047.6,91.0,53.0,0.0,2.0,17.4,13.4,93.6,0.0,0.0,0.0,0.0,0.0,0.0,61,Ja,Ja,Nein,Ja,Nein,Nein,Nein,104.2,101.6,1068,984,144,8.0,183,5.6,9114,303,0.641,1.891,0,
29.8.2022,14:57:11.562,19506,8589,69.4,11621,4716,71.1,6.2,1.342,1.344,1.344,1.344,1.337,3591.0,3591.0,3591.0,3591.0,3591.0,99.7,2303.7,3228.1,1825.1,2508.5,2096.1,2339.5,1956.1,2239.3,2237.1,2303.7,54.0,63.6,41.6,62.8,48.4,64.3,40.9,53.0,57.5,64.3,54.0,36.0,36.0,36.0,36.0,36.0,0.0,90.6,89.7,91.2,90.2,91.1,9.4,10.3,8.8,9.8,8.9,0.0,0.0,0.0,0.0,0.0,1596.0,16.00,16,18,18,38,75,560,1,68.0,67.1,65.0,65.3,66.2,65.5,63.0,57.9,58.7,57.1,1.325,1.125,1.363,22.912,15.100,28.851,67.725,9.175,9.169,9.312,9.040,9.178,38.648,18.890,57.538,67.744,1600.0,1596.0,3600.1,3600.1,3600.1,77.2,48.1,104.6,Nein,Nein,Nein,46.0,68.1,57.0,52.0,40.0,1.360,5.000,3.376,3.248,12.000,0.504,3.376,3.280,1.824,0.576,1.160,1.360,1.488,803,698,682,695,Nein,1.100,1.050,31.059,36.000,39,94.0,Nein,Nein,45964,43,100.0,Nein,Nein,2917,812,40,40,Nein,Nein,307599793,2567147457,59,82,99.0,Nein,Nein,15863,14658,0.0,0.0,0.0,0.000,0.000,2,0,0.0,0.0,0.0,0.000,0.000,110,3,0.0,0.0,0.0,0.000,0.000,45363,37192,0.0,0.8,0.8,0.000,0.117,240017,225772,79.2,87.2,1.050,11.984,11.904,12.064,1910,111.711,62.414,81.360,56.854,54.240,56.744,62.873,2062.5,2202.2,1847.5,2047.6,78.0,45.0,0.0,3.0,17.4,12.5,87.2,0.0,0.0,0.0,0.0,0.0,0.0,63,Ja,Nein,Nein,Ja,Nein,Nein,Nein,97.0,86.1,1068,984,144,8.0,144,8.4,9114,303,0.430,0.082,0,
29.8.2022,14:57:13.604,19506,8589,69.4,11617,4720,71.1,6.2,1.344,1.344,1.344,1.344,1.344,3591.0,3591.0,3591.0,3591.0,3591.0,99.7,2379.6,3263.8,1968.8,2505.2,2190.2,2362.7,2064.3,2352.4,2329.4,2379.6,56.6,61.8,46.5,68.7,57.2,51.1,54.9,63.3,49.6,68.7,56.6,36.0,36.0,36.0,36.0,36.0,0.0,91.3,90.7,90.9,90.6,92.9,8.7,9.3,9.1,9.4,7.1,0.0,0.0,0.0,0.0,0.0,1596.0,16.00,16,18,18,38,75,560,1,68.0,67.1,65.1,65.5,66.3,65.5,63.1,57.9,58.6,57.1,1.325,1.125,1.363,23.162,15.107,29.116,68.091,9.263,9.334,9.389,9.089,9.241,38.997,18.892,57.889,68.095,1600.0,1596.0,3600.1,3600.1,3600.1,77.6,48.5,104.6,Nein,Nein,Nein,47.0,68.0,57.0,52.0,40.0,1.360,5.000,3.376,3.216,12.000,0.504,3.376,3.104,1.824,0.576,1.160,1.360,1.488,806,695,686,696,Nein,1.100,1.044,33.176,36.000,39,94.0,Nein,Nein,45964,43,100.0,Nein,Nein,2917,812,40,40,Nein,Nein,307599793,2567147457,59,82,99.0,Nein,Nein,15863,14658,0.0,0.0,0.0,0.000,0.000,2,0,0.0,0.0,0.0,0.000,0.000,110,3,0.0,0.0,0.0,0.000,0.000,45363,37192,0.0,1.0,1.0,0.000,0.138,240017,225772,79.0,87.0,1.050,11.996,11.920,12.072,1968,106.816,63.428,75.474,55.881,50.316,72.555,62.916,2062.5,2202.2,1847.5,2047.9,78.0,43.0,0.0,3.0,17.4,12.0,83.9,0.0,0.0,0.0,0.0,0.0,0.0,63,Ja,Nein,Nein,Ja,Nein,Nein,Nein,90.9,95.0,1069,984,144,8.0,133,8.2,9114,303,0.629,0.288,0,
29.8.2022,14:57:15.901,19506,8589,69.4,11614,4723,71.0,6.2,1.344,1.344,1.344,1.344,1.344,3591.0,3591.0,3591.0,3591.0,3591.0,99.7,2421.8,3270.5,2021.1,2531.7,2291.6,2490.1,1997.8,2344.6,2427.2,2421.8,58.3,68.7,48.0,68.7,54.1,67.1,44.2,57.2,58.7,68.7,58.3,36.0,36.0,36.0,36.0,36.0,0.0,91.5,90.8,91.9,90.8,92.6,8.5,9.2,8.1,9.2,7.4,0.0,0.0,0.0,0.0,0.0,1596.0,16.00,16,18,18,38,75,560,1,68.0,67.5,65.5,65.8,66.6,66.0,63.4,57.9,58.7,57.2,1.325,1.125,1.363,23.920,15.069,29.954,69.167,9.541,9.510,9.663,9.404,9.589,40.098,18.868,58.966,69.155,1600.0,1596.0,3600.1,3600.1,3600.1,78.8,49.9,104.4,Nein,Nein,Nein,47.0,68.0,57.0,52.0,40.0,1.360,5.000,3.376,3.232,12.000,0.504,3.376,3.280,1.824,0.576,1.160,1.360,1.488,809,698,692,696,Nein,1.100,1.044,32.471,35.294,39,94.0,Nein,Nein,45964,43,100.0,Nein,Nein,2917,812,40,40,Nein,Nein,307599793,2567147457,59,82,99.0,Nein,Nein,15863,14658,0.0,0.0,0.0,0.000,0.000,2,0,0.0,0.0,0.0,0.000,0.000,110,3,0.0,0.0,0.0,0.000,0.000,45363,37192,0.0,0.2,0.2,0.000,0.137,240017,225772,78.9,86.9,1.050,12.000,11.928,12.072,2013,105.901,50.178,75.329,55.060,50.220,10.376,59.905,2062.5,2202.2,1847.5,2048.5,74.0,43.0,0.0,3.0,17.4,10.7,75.1,0.0,0.0,0.0,0.0,0.0,0.0,64,Ja,Nein,Nein,Ja,Nein,Nein,Nein,92.1,82.5,1069,984,144,8.0,133,8.7,9114,303,0.545,1.559,0,
29.8.2022,14:57:17.977,19508,8587,69.4,11610,4727,71.0,6.2,1.337,1.337,1.337,1.337,1.337,3591.0,3591.0,3591.0,3591.0,3591.0,99.7,2336.8,3242.7,1895.1,2478.6,2153.2,2348.6,1991.0,2352.1,2233.4,2336.8,56.7,66.6,46.2,71.4,49.6,59.8,46.9,55.7,57.8,71.4,56.7,36.0,36.0,36.0,36.0,36.0,0.0,90.5,90.1,90.7,89.6,91.5,9.5,9.9,9.3,10.4,8.5,0.0,0.0,0.0,0.0,0.0,1596.0,16.00,16,18,18,38,75,560,1,67.9,66.9,65.0,65.4,66.1,65.4,63.1,57.8,58.6,57.1,1.331,1.125,1.369,23.253,15.073,29.033,67.910,9.237,9.288,9.392,9.011,9.256,38.886,18.857,57.742,67.930,1600.0,1596.0,3600.1,3600.1,3600.1,77.4,48.4,104.6,Nein,Nein,Nein,47.0,67.9,57.0,52.0,40.0,1.360,5.000,3.376,3.232,12.000,0.504,3.376,3.280,1.824,0.568,1.160,1.360,1.488,799,695,691,697,Nein,1.100,1.050,42.353,35.294,39,94.0,Nein,Nein,45964,43,100.0,Nein,Nein,2917,812,40,40,Nein,Nein,307599793,2567147457,59,82,99.0,Nein,Nein,15863,14658,0.0,0.0,0.0,0.000,0.000,2,0,0.0,0.0,0.0,0.000,0.000,110,3,0.0,0.0,0.0,0.000,0.000,45363,37192,7.8,0.2,8.0,2.581,0.301,240022,225773,78.7,86.7,1.050,12.024,11.944,12.104,2034,93.892,61.930,66.524,48.923,44.349,99.595,50.261,2062.5,2202.2,1847.5,2048.4,67.0,39.0,0.0,3.0,17.4,10.7,75.0,0.0,0.0,0.0,0.0,0.0,0.0,64,Ja,Nein,Nein,Ja,Nein,Nein,Nein,79.2,74.1,1069,984,144,8.0,128,9.3,9114,303,0.374,0.055,0,
29.8.2022,14:57:20.037,19818,8278,70.5,11697,4640,71.5,6.2,1.336,1.337,1.331,1.337,1.337,3591.0,3591.0,3591.0,3591.0,3591.0,99.7,3026.7,3469.3,2819.4,3019.7,3029.3,2936.6,2862.1,3002.9,3074.3,3026.7,79.4,82.5,76.5,84.8,84.8,81.8,74.2,76.5,74.2,84.8,79.4,36.0,36.0,36.0,36.0,36.0,0.0,96.4,96.4,96.2,96.2,96.9,3.6,3.6,3.8,3.8,3.1,0.0,0.0,0.0,0.0,0.0,1596.0,16.00,16,18,18,38,75,560,1,69.0,69.6,67.6,67.6,68.9,68.2,65.6,58.7,59.5,57.9,1.319,1.125,1.369,27.864,15.100,35.080,76.176,11.211,11.006,11.338,11.114,11.386,46.901,18.924,65.825,76.159,1600.0,1596.0,3600.1,3600.1,3600.1,86.8,58.5,104.1,Nein,Nein,Nein,47.0,68.9,57.0,52.0,40.0,1.368,5.000,3.376,3.232,12.000,0.504,3.376,3.280,1.824,0.568,1.160,1.360,1.488,775,694,681,696,Nein,1.094,1.050,44.471,36.706,39,94.0,Nein,Nein,45964,43,100.0,Nein,Nein,2917,812,40,40,Nein,Nein,307599793,2567147457,59,82,99.0,Nein,Nein,15863,14658,0.0,0.0,0.0,0.000,0.000,2,0,0.0,0.0,0.0,0.000,0.000,110,3,0.0,0.0,0.0,0.000,0.000,45363,37192,1.5,0.3,1.7,2.547,0.554,240027,225774,78.3,86.3,1.050,12.020,11.936,12.104,2051,85.862,40.519,58.390,46.312,38.926,10.173,48.795,2062.5,2202.2,1847.5,2049.0,60.0,34.0,0.0,3.0,17.4,9.4,65.9,0.0,0.0,0.0,0.0,0.0,0.0,64,Ja,Nein,Nein,Ja,Nein,Nein,Nein,72.6,79.5,1069,984,144,8.0,112,10.3,9114,303,5.629,3.769,0,
29.8.2022,14:57:22.152,20025,8070,71.2,11973,4364,73.2,6.2,1.336,1.337,1.337,1.331,1.337,3591.0,3591.0,3591.0,3591.0,3591.0,99.7,3556.5,3594.4,3549.7,3567.7,3578.2,3528.2,3521.5,3546.7,3565.7,3556.5,97.4,97.7,98.4,96.2,100.0,96.9,95.4,96.9,97.7,100.0,97.4,36.0,36.0,36.0,36.0,36.0,0.0,99.9,99.8,99.9,99.8,100.0,0.1,0.2,0.1,0.2,0.0,0.0,0.0,0.0,0.0,0.0,1596.0,16.00,16,18,18,38,75,560,1,71.0,72.4,70.3,70.1,71.8,71.0,68.4,59.3,60.1,58.4,1.319,1.125,1.363,32.484,15.002,42.199,84.782,13.559,13.060,13.776,13.537,13.862,56.153,18.830,74.983,85.082,1600.0,1596.0,3600.0,3600.0,3600.0,97.0,70.3,103.1,Nein,Nein,Nein,47.0,71.0,57.0,52.0,40.0,1.368,5.000,3.376,3.232,12.000,0.504,3.376,3.280,1.824,0.568,1.160,1.360,1.496,785,706,695,705,Nein,1.094,1.050,49.412,34.588,39,94.0,Nein,Nein,45964,43,100.0,Nein,Nein,2917,812,40,40,Nein,Nein,307599793,2567147457,59,82,99.0,Nein,Nein,15863,14658,0.0,0.0,0.0,0.000,0.000,2,0,0.0,0.0,0.0,0.000,0.000,110,3,0.0,0.0,0.0,0.000,0.000,45363,37192,0.3,2.1,2.4,0.283,1.777,240028,225778,77.0,85.0,1.050,12.076,12.016,12.136,2064,59.881,27.636,34.952,35.952,23.301,9.885,34.090,2062.5,2202.2,1847.5,2049.6,44.0,25.0,0.0,2.0,17.4,7.0,49.0,0.0,0.0,0.0,0.0,0.0,0.0,64,Ja,Nein,Nein,Ja,Nein,Nein,Nein,50.8,56.1,1069,985,144,8.0,85,24.6,9114,303,12.314,2.355,0,
29.8.2022,14:57:24.668,20039,8056,71.3,12124,4213,74.2,6.1,1.336,1.337,1.337,1.337,1.331,3591.0,3591.0,3591.0,3591.0,3591.0,99.7,3596.9,3600.1,3596.8,3599.1,3600.0,3593.0,3589.5,3597.0,3600.0,3596.9,100.0,100.0,100.0,100.0,100.0,100.0,100.0,100.0,100.0,100.0,100.0,36.0,36.0,36.0,36.0,36.0,0.0,100.0,100.0,100.0,100.0,100.0,0.0,0.0,0.0,0.0,0.0,0.0,0.0,0.0,0.0,0.0,1596.0,16.00,16,18,18,38,75,560,1,71.6,72.9,70.8,70.7,72.1,71.8,68.7,59.2,60.2,58.3,1.325,1.125,1.369,32.674,14.871,42.494,84.886,13.689,13.278,13.705,13.939,13.836,56.559,18.706,75.265,85.071,1600.0,1596.0,3600.1,3600.1,3600.1,96.9,70.8,102.8,Nein,Nein,Nein,47.0,71.6,57.0,52.0,40.0,1.368,5.000,3.376,3.232,12.000,0.504,3.376,3.280,1.824,0.568,1.160,1.360,1.496,824,712,699,710,Nein,1.094,1.050,46.588,36.706,39,94.0,Nein,Nein,45964,43,100.0,Nein,Nein,2917,812,40,40,Nein,Nein,307599793,2567147457,59,82,99.0,Nein,Nein,15863,14658,0.0,0.0,0.0,0.000,0.000,2,0,0.0,0.0,0.0,0.000,0.000,110,3,0.0,0.0,0.0,0.000,0.000,45363,37192,0.2,0.2,0.4,0.251,0.245,240028,225778,75.8,83.8,1.050,12.076,12.016,12.136,2069,64.138,29.026,39.466,37.202,26.311,9.428,32.725,2062.5,2202.2,1847.5,2050.4,29.0,16.0,0.0,1.0,17.4,5.2,36.2,0.0,0.0,0.0,0.0,0.0,0.0,64,Ja,Nein,Nein,Ja,Nein,Nein,Nein,47.2,39.0,1069,985,144,8.0,58,23.1,9114,303,1.213,0.293,0,
29.8.2022,14:57:26.764,20040,8055,71.3,12128,4210,74.2,6.1,1.337,1.337,1.337,1.337,1.337,3591.0,3591.0,3591.0,3591.0,3591.0,99.7,3596.3,3599.6,3596.1,3598.3,3599.2,3590.8,3591.9,3595.3,3599.3,3596.3,99.8,98.7,99.3,100.0,100.0,100.0,100.0,100.0,100.0,100.0,99.8,36.0,36.0,36.0,36.0,36.0,0.0,100.0,100.0,100.0,100.0,100.0,0.0,0.0,0.0,0.0,0.0,0.0,0.0,0.0,0.0,0.0,1596.0,16.00,16,18,18,38,75,560,1,71.8,72.8,70.8,70.9,72.0,71.7,68.6,59.3,60.2,58.4,1.325,1.125,1.369,31.991,14.870,41.948,84.239,13.521,13.256,13.582,13.594,13.652,55.842,18.710,74.552,84.318,1600.0,1596.0,3599.6,3599.6,3599.6,96.1,69.9,102.8,Nein,Nein,Nein,47.0,71.8,57.0,52.0,40.0,1.368,5.000,3.376,3.232,12.000,0.504,3.376,3.280,1.824,0.568,1.160,1.360,1.488,835,706,699,712,Nein,1.094,1.044,44.471,36.706,39,94.0,Nein,Nein,45964,43,100.0,Nein,Nein,2917,812,40,40,Nein,Nein,307599793,2567147457,59,82,99.0,Nein,Nein,15863,14658,0.0,0.0,0.0,0.000,0.000,2,0,0.0,0.0,0.0,0.000,0.000,110,3,0.0,0.1,0.1,0.000,0.030,45363,37192,0.3,0.1,0.4,0.107,0.115,240029,225778,76.2,84.2,1.050,12.048,11.960,12.136,2069,77.194,35.846,51.845,42.004,34.563,9.570,41.246,2062.5,2202.2,1847.5,2050.5,49.0,28.0,0.0,2.0,17.4,6.1,42.8,0.0,0.0,0.0,0.0,0.0,0.0,64,Ja,Nein,Nein,Ja,Nein,Nein,Nein,65.7,70.7,1069,985,144,8.0,88,10.9,9114,303,1.684,2.249,0,
29.8.2022,14:57:28.860,34769,5831,85.6,14975,1363,91.6,3.0,1.341,1.337,1.344,1.337,1.344,3591.0,3591.0,3591.0,3591.0,3591.0,99.7,3160.9,3513.6,3030.1,3175.9,3095.0,3193.1,2999.5,3046.6,3233.3,3160.9,83.0,80.4,78.1,85.7,85.7,85.7,80.4,82.7,84.9,85.7,83.0,36.0,36.0,36.0,36.0,36.0,0.0,98.4,97.6,98.8,98.0,99.2,1.6,2.4,1.2,2.0,0.8,0.0,0.0,0.0,0.0,0.0,1596.0,16.00,16,18,18,38,75,560,1,71.8,71.6,69.3,69.6,70.8,70.0,66.9,59.2,60.0,58.4,1.325,1.125,1.363,29.136,15.198,38.420,80.378,12.351,12.156,12.734,12.319,12.194,51.220,19.163,70.382,80.434,1600.0,1596.0,3599.8,3599.8,3599.8,91.7,64.0,102.9,Nein,Nein,Nein,47.0,71.8,58.0,52.0,40.0,1.368,5.000,3.376,3.248,12.096,0.496,3.376,3.280,1.824,0.568,1.160,1.360,1.496,836,712,707,713,Nein,1.100,1.044,37.412,36.000,39,94.0,Nein,Nein,45964,43,100.0,Nein,Nein,2917,812,40,40,Nein,Nein,307599793,2567147457,59,82,99.0,Nein,Nein,15863,14658,0.0,0.0,0.0,0.000,0.000,2,0,0.0,0.0,0.0,0.000,0.000,110,3,0.0,0.2,0.2,0.000,0.064,45363,37192,1.8,0.4,2.3,1.169,0.241,240031,225779,73.7,81.7,1.094,12.128,12.080,12.176,2086,43.942,16.795,21.625,28.895,14.416,9.427,9.612,2088.0,2202.2,1873.0,2051.3,44.0,4.0,0.0,23.0,96.7,2.7,17.5,0.0,0.0,0.0,1.4,0.0,0.0,64,Nein,Nein,Nein,Nein,Nein,Nein,Nein,43.6,37.5,5940,5856,150,8.0,2,944.3,9114,303,2.262,0.527,0,
29.8.2022,14:57:31.180,22417,18182,55.2,11781,4556,72.1,3.0,1.341,1.344,1.344,1.337,1.337,3591.0,3591.0,3591.0,3591.0,3591.0,99.7,2662.6,3219.2,2524.6,2847.8,2646.9,2591.8,2328.9,2568.2,2573.3,2662.6,69.3,80.5,61.9,79.1,69.4,73.1,58.9,67.9,63.4,80.5,69.3,36.0,36.0,36.0,36.0,36.0,0.0,90.8,89.4,92.2,89.4,92.2,9.2,10.6,7.8,10.5,7.8,0.0,0.0,0.0,0.1,0.0,1596.0,16.00,16,18,18,38,75,560,1,70.6,69.2,67.0,67.4,68.3,67.4,65.0,58.8,59.6,58.0,1.337,1.131,1.369,24.589,15.395,30.913,71.022,9.889,10.132,9.874,9.689,9.860,41.391,19.292,60.683,71.068,1600.0,1596.0,3600.1,3600.1,3600.1,81.0,51.5,103.9,Nein,Nein,Nein,47.0,70.6,58.0,52.0,40.0,1.368,5.000,3.376,3.232,12.000,0.496,3.376,3.280,1.824,0.568,1.160,1.360,1.488,843,707,694,709,Nein,1.100,1.044,31.765,36.000,39,94.0,Nein,Nein,45964,43,100.0,Nein,Nein,2917,812,40,40,Nein,Nein,307599793,2567147457,59,82,99.0,Nein,Nein,15863,14658,0.0,0.0,0.0,0.000,0.000,2,0,0.0,0.0,0.0,0.000,0.000,110,3,0.0,0.0,0.0,0.000,0.000,45363,37192,0.0,0.1,0.1,0.000,0.077,240031,225779,77.0,85.0,1.094,11.984,11.872,12.096,2064,118.152,57.880,88.107,58.790,58.738,20.639,63.124,2088.0,2202.2,1873.0,2081.4,71.0,40.0,0.0,3.0,17.4,6.0,41.3,0.0,0.0,0.0,0.8,0.0,0.0,64,Nein,Nein,Nein,Nein,Nein,Nein,Nein,91.5,92.1,1071,986,144,8.0,94,8.3,9114,303,2.045,0.384,0,
29.8.2022,14:57:33.234,19946,20653,49.1,11773,4564,72.0,3.0,1.344,1.344,1.344,1.344,1.344,3591.0,3591.0,3591.0,3591.0,3591.0,99.7,2365.0,3266.1,1927.2,2498.4,2135.8,2437.9,2024.3,2289.6,2340.3,2365.0,56.4,69.7,44.9,62.4,48.3,63.7,44.9,57.0,60.4,69.7,56.4,36.0,36.0,36.0,36.0,36.0,0.0,90.8,90.7,90.4,90.5,91.5,9.2,9.3,9.6,9.5,8.5,0.0,0.0,0.0,0.0,0.0,1596.0,16.00,16,18,18,38,75,560,1,68.9,67.6,65.6,66.0,66.6,66.1,63.5,58.4,59.2,57.6,1.331,1.125,1.363,23.311,15.140,29.063,68.126,9.242,9.382,9.251,9.126,9.208,38.932,18.945,57.877,68.117,1600.0,1596.0,3600.1,3600.1,3600.1,77.6,48.4,104.6,Nein,Nein,Nein,47.0,69.4,58.0,52.0,40.0,1.360,5.000,3.376,3.232,11.904,0.496,3.376,3.280,1.824,0.568,1.160,1.360,1.488,842,705,698,706,Nein,1.100,1.044,35.294,36.000,39,94.0,Nein,Nein,45964,43,100.0,Nein,Nein,2917,812,40,40,Nein,Nein,307599793,2567147457,59,82,99.0,Nein,Nein,15863,14658,0.0,0.0,0.0,0.000,0.000,2,0,0.0,0.0,0.0,0.000,0.000,110,3,0.0,0.0,0.0,0.000,0.000,45363,37192,0.0,0.3,0.3,0.042,0.242,240031,225780,78.7,86.7,1.063,11.980,11.888,12.072,2055,124.065,74.930,93.582,61.057,62.388,85.254,72.368,2075.5,2202.2,1860.0,2077.3,82.0,46.0,0.0,3.0,17.4,11.7,81.9,0.0,0.0,0.0,0.0,0.0,0.0,63,Ja,Ja,Nein,Nein,Nein,Nein,Nein,101.3,96.9,1071,986,144,8.0,161,6.0,9114,303,1.289,0.510,0,
29.8.2022,14:57:35.280,19398,8697,69.0,11476,4861,70.2,6.1,1.337,1.337,1.337,1.337,1.337,3591.0,3591.0,3591.0,3591.0,3591.0,99.7,2485.2,3295.9,2160.5,2649.3,2285.3,2534.7,2134.0,2450.3,2371.3,2485.2,62.0,70.9,48.8,74.8,62.5,67.1,51.9,60.3,59.5,74.8,62.0,36.0,36.0,36.0,36.0,36.0,0.0,91.7,91.6,91.4,91.5,92.1,8.3,8.4,8.6,8.5,7.9,0.0,0.0,0.0,0.0,0.0,1596.0,16.00,16,18,18,38,75,560,1,68.8,67.9,65.9,66.3,67.0,66.3,63.8,58.5,59.3,57.7,1.331,1.125,1.363,23.957,15.154,30.155,69.617,9.599,9.672,9.780,9.386,9.559,40.388,18.962,59.350,69.624,1600.0,1596.0,3600.1,3600.1,3600.1,79.3,50.3,104.5,Nein,Nein,Nein,47.0,68.8,58.0,52.0,40.0,1.360,5.000,3.376,3.232,11.904,0.496,3.376,3.280,1.824,0.568,1.160,1.360,1.488,829,701,687,696,Nein,1.100,1.044,39.529,37.412,39,94.0,Nein,Nein,45964,43,100.0,Nein,Nein,2917,812,40,40,Nein,Nein,307599793,2567147457,59,82,99.0,Nein,Nein,15863,14658,0.0,0.0,0.0,0.000,0.000,2,0,0.0,0.0,0.0,0.000,0.000,110,3,0.0,0.0,0.0,0.000,0.000,45363,37192,0.5,0.1,0.7,0.741,0.136,240032,225780,78.8,86.8,1.063,11.984,11.904,12.064,2060,117.002,62.603,87.006,58.377,58.004,39.878,69.751,2075.5,2202.2,1860.0,2077.8,84.0,48.0,0.0,3.0,17.4,11.1,77.9,0.0,0.0,0.0,0.0,0.0,0.0,64,Ja,Ja,Nein,Nein,Nein,Nein,Nein,94.9,101.3,1070,986,144,8.0,155,7.2,9114,303,0.809,0.329,0,
29.8.2022,14:57:37.329,19185,8910,68.2,11273,5065,68.9,6.1,1.337,1.337,1.337,1.337,1.337,3591.0,3591.0,3591.0,3591.0,3591.0,99.7,2579.7,3318.1,2316.1,2688.7,2336.0,2501.2,2278.6,2575.5,2623.7,2579.7,64.4,67.9,53.4,74.0,59.5,67.9,58.0,62.5,71.7,74.0,64.4,36.0,36.0,36.0,36.0,36.0,0.0,93.5,92.2,92.8,93.4,95.5,6.5,7.8,7.2,6.6,4.5,0.0,0.0,0.0,0.0,0.0,1596.0,16.00,16,18,18,38,75,560,1,68.8,68.5,66.5,66.6,67.6,66.8,64.9,58.6,59.4,57.7,1.325,1.125,1.363,25.111,15.072,31.507,71.175,10.055,10.077,10.103,9.658,10.383,42.179,18.865,61.044,71.190,1600.0,1596.0,3600.1,3600.1,3600.1,81.1,52.5,104.2,Nein,Nein,Nein,47.0,68.8,57.0,52.0,40.0,1.360,5.000,3.376,3.232,11.904,0.504,3.376,3.280,1.824,0.568,1.160,1.360,1.488,805,693,682,696,Nein,1.100,1.044,28.941,33.882,39,94.0,Nein,Nein,45964,43,100.0,Nein,Nein,2917,812,40,40,Nein,Nein,307599793,2567147457,59,82,99.0,Nein,Nein,15863,14658,0.0,0.0,0.0,0.000,0.000,2,0,0.0,0.0,0.0,0.000,0.000,110,3,0.0,0.0,0.0,0.000,0.000,45363,37192,0.0,0.3,0.3,0.031,0.169,240032,225780,78.6,86.6,1.050,11.972,11.864,12.080,2060,121.406,69.110,92.340,59.225,61.560,65.000,67.425,2062.5,2202.2,1847.5,2071.0,83.0,46.0,0.0,3.0,17.4,11.7,81.8,0.0,0.0,0.0,0.0,0.0,0.0,64,Ja,Nein,Nein,Ja,Nein,Nein,Nein,95.7,97.3,1070,985,144,8.0,150,7.1,9114,303,1.052,2.026,0,
29.8.2022,14:57:39.371,19208,8887,68.3,11341,4997,69.4,6.1,1.356,1.356,1.356,1.356,1.356,3591.0,3591.0,3591.0,3591.0,3591.0,99.7,1774.3,2687.7,1580.6,1844.0,1575.3,1568.3,1545.6,1894.8,1498.4,1774.3,40.7,39.3,40.1,47.7,38.6,30.3,43.9,49.2,36.3,49.2,40.7,36.0,36.0,36.0,36.0,36.0,0.0,75.1,74.7,75.7,72.3,78.0,22.3,23.5,18.8,24.7,22.0,2.7,1.9,5.6,3.3,0.0,1596.0,16.00,16,18,18,38,75,560,1,67.5,66.5,63.3,63.7,64.6,63.3,61.7,57.3,57.9,56.6,1.344,1.131,1.363,19.739,14.056,26.080,62.581,8.293,8.134,8.293,7.850,8.895,34.881,18.243,53.124,62.641,1600.0,1596.0,3600.2,3600.2,3600.2,71.4,43.5,104.4,Nein,Nein,Nein,47.0,67.0,57.0,52.0,40.0,1.360,5.000,3.376,3.248,12.096,0.504,3.376,3.280,1.824,0.568,1.152,1.360,1.496,813,708,687,703,Nein,1.100,1.044,18.353,31.765,39,94.0,Nein,Nein,45964,43,100.0,Nein,Nein,2917,812,40,40,Nein,Nein,307599793,2567147457,59,82,99.0,Nein,Nein,15863,14658,0.0,0.0,0.0,0.000,0.000,2,0,0.0,0.0,0.0,0.000,0.000,110,3,0.0,0.0,0.0,0.000,0.013,45363,37192,1.1,0.3,1.4,1.896,0.299,240036,225781,73.4,81.4,1.044,12.148,12.096,12.200,2087,40.896,15.275,18.593,27.869,12.395,8.757,8.761,2062.5,2202.2,1847.5,2053.4,1.0,1.0,0.0,0.0,19.3,1.7,11.9,0.0,0.0,0.0,0.0,0.0,0.0,64,Ja,Nein,Nein,Nein,Nein,Ja,Nein,42.1,34.1,1185,1101,152,8.0,4,374.7,9114,303,40.746,5.303,0,
Date,Time,"Zugesagter virtueller Speicher [MB]","Virtueller Speicher verfügbar [MB]","Auslastung des virtuellen Speichers [%]","Verwendeter physischer Speicher [MB]","Physischer Speicher Verfügbar [MB]","Physische Speicherauslastung [%]","Verwendung von Auslagerungsdateien [%]","Core VIDs (avg) [V]","Core 0 VID [V]","Core 1 VID [V]","Core 2 VID [V]","Core 3 VID [V]","Kern Takte (avg) [MHz]","Core 0 Takt [MHz]","Core 1 Takt [MHz]","Core 2 Takt [MHz]","Core 3 Takt [MHz]","Bustakt [MHz]","Effektive Kerntakte (avg) [MHz]","Core 0 T0 Effektiver Takt [MHz]","Core 0 T1 Effektiver Takt [MHz]","Core 1 T0 Effektiver Takt [MHz]","Core 1 T1 Effektiver Takt [MHz]","Core 2 T0 Effektiver Takt [MHz]","Core 2 T1 Effektiver Takt [MHz]","Core 3 T0 Effektiver Takt [MHz]","Core 3 T1 Effektiver Takt [MHz]","Durchschnittlicher Effektiver Takt [MHz]","Kern Auslastung (avg) [%]","Core 0 T0 Auslastung [%]","Core 0 T1 Auslastung [%]","Core 1 T0 Auslastung [%]","Core 1 T1 Auslastung [%]","Core 2 T0 Auslastung [%]","Core 2 T1 Auslastung [%]","Core 3 T0 Auslastung [%]","Core 3 T1 Auslastung [%]","Maximale CPU-/Thread-Auslastung [%]","Gesamte CPU-Auslastung [%]","Kerntaktmultiplikatoren (avg) [x]","Core 0 Multiplikator [x]","Core 1 Multiplikator [x]","Core 2 Multiplikator [x]","Core 3 Multiplikator [x]","Package C6 Belegung [%]","Core C0 Belegung (avg) [%]","Core 0 C0 Belegung [%]","Core 1 C0 Belegung [%]","Core 2 C0 Belegung [%]","Core 3 C0 Belegung [%]","Core C1 Belegung (avg) [%]","Core 0 C1 Belegung [%]","Core 1 C1 Belegung [%]","Core 2 C1 Belegung [%]","Core 3 C1 Belegung [%]","Core C6 Belegung (avg) [%]","Core 0 C6 Belegung [%]","Core 1 C6 Belegung [%]","Core 2 C6 Belegung [%]","Core 3 C6 Belegung [%]","Speicher Takt [MHz]","Speichertaktmultiplikator [x]","Tcas [T]","Trcd [T]","Trp [T]","Tras [T]","Trc [T]","Trfc [T]","Command Rate [T]","CPU (Tctl/Tdie) [°C]","CPU-Gehäuse (Durchschnitt) [°C]","Kerntemperaturen (avg) [°C]","Core0 (Die1) [°C]","Core1 (Die1) [°C]","Core5 (Die1) [°C]","Core6 (Die1) [°C]","L3 Temperaturen (avg) [°C]","L3 Cache (Die1:CCX1) [°C]","L3 Cache (Die1:CCX2) [°C]","CPU-Kernspannung (SVI2 TFN) [V]","SoC Spannung (SVI2 TFN) [V]","CPU Core VID (Effective) [V]","CPU-Kernstrom (SVI2 TFN) [A]","SoC-Strom (SVI2 TFN) [A]","CPU TDC [A]","CPU-Gesamtleistungsaufnahme [W]","Kerne-Leistungsaufnahme (avg) [W]","Core 0 Energieverbrauch [W]","Core 1 Energieverbrauch [W]","Core 2 Energieverbrauch [W]","Core 3 Energieverbrauch [W]","CPU Kern-Leistungsaufnahme (SVI2 TFN) [W]","CPU-SoC-Leistungsaufnahme (SVI2 TFN) [W]","Core+SoC Energieverbrauch (SVI2 TFN) [W]","CPU PPT [W]","Infinity Fabric Takt (FCLK) [MHz]","Takt des Speichercontrollers (UCLK) [MHz]","L3 Takte (avg) [MHz]","L3 Cache (Die1:CCX1) [MHz]","L3 Cache (Die1:CCX2) [MHz]","CPU PPT Limit [%]","CPU-TDC-Limit [%]","Abweichung der Stromverbrauchsberichterstattung (Genauigkeit) [%]","Thermische Drosselung (HTC) [Yes/No]","Thermische Drosselung (PROCHOT CPU) [Yes/No]","Thermische Drosselung (PROCHOT EXT) [Yes/No]","System [°C]","CPU [°C]","VR MOS [°C]","PCH [°C]","CPU (PECI) [°C]","Vcore [V]","+5V [V]","+3.3V (AVCC) [V]","+3.3V (3VCC) [V]","+12V [V]","VIN4 [V]","3VSB [V]","VBAT [V]","CPU +1.8V [V]","VIN6 [V]","CPU NB/SoC [V]","DIMM [V]","VIN7 [V]","CPU [RPM]","System 1 [RPM]","System 2 [RPM]","System 3 [RPM]","Gehäuseeinbruch [Yes/No]","VDD Spannung [V]","NB Spannung [V]","VDD Strom [A]","NB Strom [A]","Scheibenluftstromtemperatur [°C]","Drive Remaining Life [%]","Festplattenfehler [Yes/No]","Festplattenwarnung [Yes/No]","Host-Schreibvorgänge insgesamt [GB]","Festplattentemperatur [°C]","Drive Remaining Life [%]","Festplattenfehler [Yes/No]","Festplattenwarnung [Yes/No]","Host-Schreibvorgänge insgesamt [GB]","Host-Lesevorgänge insgesamt [GB]","Festplattentemperatur [°C]","Scheibenluftstromtemperatur [°C]","Festplattenfehler [Yes/No]","Festplattenwarnung [Yes/No]","Host-Schreibvorgänge insgesamt [GB]","Host-Lesevorgänge insgesamt [GB]","Festplattentemperatur [°C]","Festplattentemperatur 2 [°C]","Drive Remaining Life [%]","Festplattenfehler [Yes/No]","Festplattenwarnung [Yes/No]","Host-Schreibvorgänge insgesamt [GB]","Host-Lesevorgänge insgesamt [GB]","Aktivität des Lesens [%]","Aktivität des Schreibens [%]","Gesamtaktivität [%]","Leserate [MB/s]","Schreibrate [MB/s]","Gesamt Lesen [MB]","Summe Geschreiben [MB]","Aktivität des Lesens [%]","Aktivität des Schreibens [%]","Gesamtaktivität [%]","Leserate [MB/s]","Schreibrate [MB/s]","Gesamt Lesen [MB]","Summe Geschreiben [MB]","Aktivität des Lesens [%]","Aktivität des Schreibens [%]","Gesamtaktivität [%]","Leserate [MB/s]","Schreibrate [MB/s]","Gesamt Lesen [MB]","Summe Geschreiben [MB]","Aktivität des Lesens [%]","Aktivität des Schreibens [%]","Gesamtaktivität [%]","Leserate [MB/s]","Schreibrate [MB/s]","Gesamt Lesen [MB]","Summe Geschreiben [MB]","GPU-Temperatur [°C]","GPU-Hot-Spot-Temperatur [°C]","GPU-Kernspannung [V]","GPU-Leitungsspannungen (avg) [V]","GPU PCIe +12V Eingang Spannung [V]","GPU 6-pin #1 Eingang Spannung [V]","GPU Lüfter [RPM]","GPU Energieverbrauch [W]","Leistungsaufnahme der GPU-Leitungen (avg) [W]","GPU Core (NVVDD) Eingang Energieverbrauch (sum) [W]","GPU PCIe +12V Eingang Energieverbrauch [W]","GPU 6-pin #1 Eingang Energieverbrauch [W]","GPU Core (NVVDD) Ausgabe Energieverbrauch [W]","GPU Core (NVVDD) Ausgabe Energieverbrauch [W]","GPU Takt [MHz]","GPU-Speichertakt [MHz]","GPU Video Takt [MHz]","GPU Effektiver Takt [MHz]","GPU-Kernlast [%]","Auslastung des GPU-Speichercontrollers [%]","GPU-Video-Engine-Last [%]","GPU-Buslast [%]","GPU-Speichernutzung [%]","GPU D3D Auslastungen (avg) [%]","GPU D3D-Nutzung [%]","GPU Video Decode 0 Auslastung [%]","GPU Video Encode 0 Auslastung [%]","GPU Computing (Compute_0) Auslastung [%]","GPU Computing (Cuda) Auslastung [%]","GPU Computing (Compute_1) Auslastung [%]","GPU VR Auslastung [%]","GPU Lüfter [%]","GPU Leistungsbegrenzer (avg) [Yes/No]","Leistungsgrenze - Energieverbrauch [Yes/No]","Leistungsgrenze - Thermal [Yes/No]","Leistungsgrenze - Zuverlässigkeitsspannung [Yes/No]","Leistungsgrenze - Max. Betriebsspannung [Yes/No]","Leistungsgrenze - Auslastung [Yes/No]","Leistungsgrenze - SLI GPUBoost Sync [Yes/No]","Total GPU Energieverbrauch (normalized) [% of TDP] [%]","Total GPU Energieverbrauch [% of TDP] [%]","Zugeteilter GPU-Speicher [MB]","GPU D3D-Speicher dediziert [MB]","GPU D3D-Speicher dynamisch [MB]","PCIe-Link-Geschwindigkeit [GT/s]","Bildrate [FPS]","Rahmenzeit [ms]","Gesamtzahl heruntergeladen [MB]","Gesamt hochgeladen [MB]","Aktuelle Downloadrate [KB/s]","Aktuelle Upload-Rate [KB/s]","Gesamtfehler []",
,,System: MSI MS-7B89,System: MSI MS-7B89,System: MSI MS-7B89,System: MSI MS-7B89,System: MSI MS-7B89,System: MSI MS-7B89,System: MSI MS-7B89,CPU [#0]: AMD Ryzen 5 1500X,CPU [#0]: AMD Ryzen 5 1500X,CPU [#0]: AMD Ryzen 5 1500X,CPU [#0]: AMD Ryzen 5 1500X,CPU [#0]: AMD Ryzen 5 1500X,CPU [#0]: AMD Ryzen 5 1500X,CPU [#0]: AMD Ryzen 5 1500X,CPU [#0]: AMD Ryzen 5 1500X,CPU [#0]: AMD Ryzen 5 1500X,CPU [#0]: AMD Ryzen 5 1500X,CPU [#0]: AMD Ryzen 5 1500X,CPU [#0]: AMD Ryzen 5 1500X,CPU [#0]: AMD Ryzen 5 1500X,CPU [#0]: AMD Ryzen 5 1500X,CPU [#0]: AMD Ryzen 5 1500X,CPU [#0]: AMD Ryzen 5 1500X,CPU [#0]: AMD Ryzen 5 1500X,CPU [#0]: AMD Ryzen 5 1500X,CPU [#0]: AMD Ryzen 5 1500X,CPU [#0]: AMD Ryzen 5 1500X,CPU [#0]: AMD Ryzen 5 1500X,CPU [#0]: AMD Ryzen 5 1500X,CPU [#0]: AMD Ryzen 5 1500X,CPU [#0]: AMD Ryzen 5 1500X,CPU [#0]: AMD Ryzen 5 1500X,CPU [#0]: AMD Ryzen 5 1500X,CPU [#0]: AMD Ryzen 5 1500X,CPU [#0]: AMD Ryzen 5 1500X,CPU [#0]: AMD Ryzen 5 1500X,CPU [#0]: AMD Ryzen 5 1500X,CPU [#0]: AMD Ryzen 5 1500X,CPU [#0]: AMD Ryzen 5 1500X,CPU [#0]: AMD Ryzen 5 1500X,CPU [#0]: AMD Ryzen 5 1500X,CPU [#0]: AMD Ryzen 5 1500X,CPU [#0]: AMD Ryzen 5 1500X,CPU [#0]: AMD Ryzen 5 1500X,CPU [#0]: AMD Ryzen 5 1500X: C-State Belegung,CPU [#0]: AMD Ryzen 5 1500X: C-State Belegung,CPU [#0]: AMD Ryzen 5 1500X: C-State Belegung,CPU [#0]: AMD Ryzen 5 1500X: C-State Belegung,CPU [#0]: AMD Ryzen 5 1500X: C-State Belegung,CPU [#0]: AMD Ryzen 5 1500X: C-State Belegung,CPU [#0]: AMD Ryzen 5 1500X: C-State Belegung,CPU [#0]: AMD Ryzen 5 1500X: C-State Belegung,CPU [#0]: AMD Ryzen 5 1500X: C-State Belegung,CPU [#0]: AMD Ryzen 5 1500X: C-State Belegung,CPU [#0]: AMD Ryzen 5 1500X: C-State Belegung,CPU [#0]: AMD Ryzen 5 1500X: C-State Belegung,CPU [#0]: AMD Ryzen 5 1500X: C-State Belegung,CPU [#0]: AMD Ryzen 5 1500X: C-State Belegung,CPU [#0]: AMD Ryzen 5 1500X: C-State Belegung,CPU [#0]: AMD Ryzen 5 1500X: C-State Belegung,Speicher-Timings,Speicher-Timings,Speicher-Timings,Speicher-Timings,Speicher-Timings,Speicher-Timings,Speicher-Timings,Speicher-Timings,Speicher-Timings,CPU [#0]: AMD Ryzen 5 1500X: Enhanced,CPU [#0]: AMD Ryzen 5 1500X: Enhanced,CPU [#0]: AMD Ryzen 5 1500X: Enhanced,CPU [#0]: AMD Ryzen 5 1500X: Enhanced,CPU [#0]: AMD Ryzen 5 1500X: Enhanced,CPU [#0]: AMD Ryzen 5 1500X: Enhanced,CPU [#0]: AMD Ryzen 5 1500X: Enhanced,CPU [#0]: AMD Ryzen 5 1500X: Enhanced,CPU [#0]: AMD Ryzen 5 1500X: Enhanced,CPU [#0]: AMD Ryzen 5 1500X: Enhanced,CPU [#0]: AMD Ryzen 5 1500X: Enhanced,CPU [#0]: AMD Ryzen 5 1500X: Enhanced,CPU [#0]: AMD Ryzen 5 1500X: Enhanced,CPU [#0]: AMD Ryzen 5 1500X: Enhanced,CPU [#0]: AMD Ryzen 5 1500X: Enhanced,CPU [#0]: AMD Ryzen 5 1500X: Enhanced,CPU [#0]: AMD Ryzen 5 1500X: Enhanced,CPU [#0]: AMD Ryzen 5 1500X: Enhanced,CPU [#0]: AMD Ryzen 5 1500X: Enhanced,CPU [#0]: AMD Ryzen 5 1500X: Enhanced,CPU [#0]: AMD Ryzen 5 1500X: Enhanced,CPU [#0]: AMD Ryzen 5 1500X: Enhanced,CPU [#0]: AMD Ryzen 5 1500X: Enhanced,CPU [#0]: AMD Ryzen 5 1500X: Enhanced,CPU [#0]: AMD Ryzen 5 1500X: Enhanced,CPU [#0]: AMD Ryzen 5 1500X: Enhanced,CPU [#0]: AMD Ryzen 5 1500X: Enhanced,CPU [#0]: AMD Ryzen 5 1500X: Enhanced,CPU [#0]: AMD Ryzen 5 1500X: Enhanced,CPU [#0]: AMD Ryzen 5 1500X: Enhanced,CPU [#0]: AMD Ryzen 5 1500X: Enhanced,CPU [#0]: AMD Ryzen 5 1500X: Enhanced,CPU [#0]: AMD Ryzen 5 1500X: Enhanced,CPU [#0]: AMD Ryzen 5 1500X: Enhanced,CPU [#0]: AMD Ryzen 5 1500X: Enhanced,CPU [#0]: AMD Ryzen 5 1500X: Enhanced,CPU [#0]: AMD Ryzen 5 1500X: Enhanced,MSI B450M MORTAR (MS-7B89) (Nuvoton NCT6797D),MSI B450M MORTAR (MS-7B89) (Nuvoton NCT6797D),MSI B450M MORTAR (MS-7B89) (Nuvoton NCT6797D),MSI B450M MORTAR (MS-7B89) (Nuvoton NCT6797D),MSI B450M MORTAR (MS-7B89) (Nuvoton NCT6797D),MSI B450M MORTAR (MS-7B89) (Nuvoton NCT6797D),MSI B450M MORTAR (MS-7B89) (Nuvoton NCT6797D),MSI B450M MORTAR (MS-7B89) (Nuvoton NCT6797D),MSI B450M MORTAR (MS-7B89) (Nuvoton NCT6797D),MSI B450M MORTAR (MS-7B89) (Nuvoton NCT6797D),MSI B450M MORTAR (MS-7B89) (Nuvoton NCT6797D),MSI B450M MORTAR (MS-7B89) (Nuvoton NCT6797D),MSI B450M MORTAR (MS-7B89) (Nuvoton NCT6797D),MSI B450M MORTAR (MS-7B89) (Nuvoton NCT6797D),MSI B450M MORTAR (MS-7B89) (Nuvoton NCT6797D),MSI B450M MORTAR (MS-7B89) (Nuvoton NCT6797D),MSI B450M MORTAR (MS-7B89) (Nuvoton NCT6797D),MSI B450M MORTAR (MS-7B89) (Nuvoton NCT6797D),MSI B450M MORTAR (MS-7B89) (Nuvoton NCT6797D),MSI B450M MORTAR (MS-7B89) (Nuvoton NCT6797D),MSI B450M MORTAR (MS-7B89) (Nuvoton NCT6797D),MSI B450M MORTAR (MS-7B89) (Nuvoton NCT6797D),MSI B450M MORTAR (MS-7B89) (Nuvoton NCT6797D),MSI B450M MORTAR (MS-7B89) (Richtek RT8894A/ASP1106),MSI B450M MORTAR (MS-7B89) (Richtek RT8894A/ASP1106),MSI B450M MORTAR (MS-7B89) (Richtek RT8894A/ASP1106),MSI B450M MORTAR (MS-7B89) (Richtek RT8894A/ASP1106),S.M.A.R.T.: Samsung SSD 850 EVO 500GB (S2RBNXAH302621R),S.M.A.R.T.: Samsung SSD 850 EVO 500GB (S2RBNXAH302621R),S.M.A.R.T.: Samsung SSD 850 EVO 500GB (S2RBNXAH302621R),S.M.A.R.T.: Samsung SSD 850 EVO 500GB (S2RBNXAH302621R),S.M.A.R.T.: Samsung SSD 850 EVO 500GB (S2RBNXAH302621R),S.M.A.R.T.: CT480BX300SSD1 (1740E10479DD),S.M.A.R.T.: CT480BX300SSD1 (1740E10479DD),S.M.A.R.T.: CT480BX300SSD1 (1740E10479DD),S.M.A.R.T.: CT480BX300SSD1 (1740E10479DD),S.M.A.R.T.: CT480BX300SSD1 (1740E10479DD),S.M.A.R.T.: CT480BX300SSD1 (1740E10479DD),S.M.A.R.T.: ST1000DM003-1CH162 (S1DG87E4),S.M.A.R.T.: ST1000DM003-1CH162 (S1DG87E4),S.M.A.R.T.: ST1000DM003-1CH162 (S1DG87E4),S.M.A.R.T.: ST1000DM003-1CH162 (S1DG87E4),S.M.A.R.T.: ST1000DM003-1CH162 (S1DG87E4),S.M.A.R.T.: ST1000DM003-1CH162 (S1DG87E4),S.M.A.R.T.: Samsung SSD 970 EVO 1TB (S5H9NS0N954546A),S.M.A.R.T.: Samsung SSD 970 EVO 1TB (S5H9NS0N954546A),S.M.A.R.T.: Samsung SSD 970 EVO 1TB (S5H9NS0N954546A),S.M.A.R.T.: Samsung SSD 970 EVO 1TB (S5H9NS0N954546A),S.M.A.R.T.: Samsung SSD 970 EVO 1TB (S5H9NS0N954546A),S.M.A.R.T.: Samsung SSD 970 EVO 1TB (S5H9NS0N954546A),S.M.A.R.T.: Samsung SSD 970 EVO 1TB (S5H9NS0N954546A),Drive: Samsung SSD 850 EVO 500GB (S2RBNXAH302621R),Drive: Samsung SSD 850 EVO 500GB (S2RBNXAH302621R),Drive: Samsung SSD 850 EVO 500GB (S2RBNXAH302621R),Drive: Samsung SSD 850 EVO 500GB (S2RBNXAH302621R),Drive: Samsung SSD 850 EVO 500GB (S2RBNXAH302621R),Drive: Samsung SSD 850 EVO 500GB (S2RBNXAH302621R),Drive: Samsung SSD 850 EVO 500GB (S2RBNXAH302621R),Drive: CT480BX300SSD1 (1740E10479DD),Drive: CT480BX300SSD1 (1740E10479DD),Drive: CT480BX300SSD1 (1740E10479DD),Drive: CT480BX300SSD1 (1740E10479DD),Drive: CT480BX300SSD1 (1740E10479DD),Drive: CT480BX300SSD1 (1740E10479DD),Drive: CT480BX300SSD1 (1740E10479DD),Drive: ST1000DM003-1CH162 (S1DG87E4),Drive: ST1000DM003-1CH162 (S1DG87E4),Drive: ST1000DM003-1CH162 (S1DG87E4),Drive: ST1000DM003-1CH162 (S1DG87E4),Drive: ST1000DM003-1CH162 (S1DG87E4),Drive: ST1000DM003-1CH162 (S1DG87E4),Drive: ST1000DM003-1CH162 (S1DG87E4),Drive: Samsung SSD 970 EVO 1TB (S5H9NS0N954546A),Drive: Samsung SSD 970 EVO 1TB (S5H9NS0N954546A),Drive: Samsung SSD 970 EVO 1TB (S5H9NS0N954546A),Drive: Samsung SSD 970 EVO 1TB (S5H9NS0N954546A),Drive: Samsung SSD 970 EVO 1TB (S5H9NS0N954546A),Drive: Samsung SSD 970 EVO 1TB (S5H9NS0N954546A),Drive: Samsung SSD 970 EVO 1TB (S5H9NS0N954546A),GPU [#0]: NVIDIA GeForce GTX 1060 6GB: ,GPU [#0]: NVIDIA GeForce GTX 1060 6GB: ,GPU [#0]: NVIDIA GeForce GTX 1060 6GB: ,GPU [#0]: NVIDIA GeForce GTX 1060 6GB: ,GPU [#0]: NVIDIA GeForce GTX 1060 6GB: ,GPU [#0]: NVIDIA GeForce GTX 1060 6GB: ,GPU [#0]: NVIDIA GeForce GTX 1060 6GB: ,GPU [#0]: NVIDIA GeForce GTX 1060 6GB: ,GPU [#0]: NVIDIA GeForce GTX 1060 6GB: ,GPU [#0]: NVIDIA GeForce GTX 1060 6GB: ,GPU [#0]: NVIDIA GeForce GTX 1060 6GB: ,GPU [#0]: NVIDIA GeForce GTX 1060 6GB: ,GPU [#0]: NVIDIA GeForce GTX 1060 6GB: ,GPU [#0]: NVIDIA GeForce GTX 1060 6GB: ,GPU [#0]: NVIDIA GeForce GTX 1060 6GB: ,GPU [#0]: NVIDIA GeForce GTX 1060 6GB: ,GPU [#0]: NVIDIA GeForce GTX 1060 6GB: ,GPU [#0]: NVIDIA GeForce GTX 1060 6GB: ,GPU [#0]: NVIDIA GeForce GTX 1060 6GB: ,GPU [#0]: NVIDIA GeForce GTX 1060 6GB: ,GPU [#0]: NVIDIA GeForce GTX 1060 6GB: ,GPU [#0]: NVIDIA GeForce GTX 1060 6GB: ,GPU [#0]: NVIDIA GeForce GTX 1060 6GB: ,GPU [#0]: NVIDIA GeForce GTX 1060 6GB: ,GPU [#0]: NVIDIA GeForce GTX 1060 6GB: ,GPU [#0]: NVIDIA GeForce GTX 1060 6GB: ,GPU [#0]: NVIDIA GeForce GTX 1060 6GB: ,GPU [#0]: NVIDIA GeForce GTX 1060 6GB: ,GPU [#0]: NVIDIA GeForce GTX 1060 6GB: ,GPU [#0]: NVIDIA GeForce GTX 1060 6GB: ,GPU [#0]: NVIDIA GeForce GTX 1060 6GB: ,GPU [#0]: NVIDIA GeForce GTX 1060 6GB: ,GPU [#0]: NVIDIA GeForce GTX 1060 6GB: ,GPU [#0]: NVIDIA GeForce GTX 1060 6GB: ,GPU [#0]: NVIDIA GeForce GTX 1060 6GB: ,GPU [#0]: NVIDIA GeForce GTX 1060 6GB: ,GPU [#0]: NVIDIA GeForce GTX 1060 6GB: ,GPU [#0]: NVIDIA GeForce GTX 1060 6GB: ,GPU [#0]: NVIDIA GeForce GTX 1060 6GB: ,GPU [#0]: NVIDIA GeForce GTX 1060 6GB: ,GPU [#0]: NVIDIA GeForce GTX 1060 6GB: ,GPU [#0]: NVIDIA GeForce GTX 1060 6GB: ,GPU [#0]: NVIDIA GeForce GTX 1060 6GB: ,GPU [#0]: NVIDIA GeForce GTX 1060 6GB: ,GPU [#0]: NVIDIA GeForce GTX 1060 6GB: ,RTSS,RTSS,Network: RealTek Semiconductor RTL8168/8111 PCI-E Gigabit Ethernet NIC,Network: RealTek Semiconductor RTL8168/8111 PCI-E Gigabit Ethernet NIC,Network: RealTek Semiconductor RTL8168/8111 PCI-E Gigabit Ethernet NIC,Network: RealTek Semiconductor RTL8168/8111 PCI-E Gigabit Ethernet NIC,Windows Hardware Errors (WHEA),